"","screen_name","text","lang","name","location","description","account_lang","place_name","place_full_name","place_type","country","country_code","user_id","status_id","created_at","source","display_text_width","reply_to_status_id","reply_to_user_id","reply_to_screen_name","is_quote","is_retweet","favorite_count","retweet_count","ext_media_type","quoted_status_id","quoted_text","quoted_created_at","quoted_source","quoted_favorite_count","quoted_retweet_count","quoted_user_id","quoted_screen_name","quoted_name","quoted_followers_count","quoted_friends_count","quoted_statuses_count","quoted_location","quoted_description","quoted_verified","retweet_status_id","retweet_text","retweet_created_at","retweet_source","retweet_favorite_count","retweet_retweet_count","retweet_user_id","retweet_screen_name","retweet_name","retweet_followers_count","retweet_friends_count","retweet_statuses_count","retweet_location","retweet_description","retweet_verified","place_url","status_url","url","protected","followers_count","friends_count","listed_count","statuses_count","favourites_count","account_created_at","verified","profile_url","profile_expanded_url","profile_banner_url","profile_background_url","profile_image_url"
"1","destrcction","Câ€™est avec une envie grandissante de me faire pomper que jâ€™apparais de nouveau.","fr","ğ•®ğ–ğ–†ğ–—ğ–‘ğ–Šğ–˜.","London, England","ğ–´ğ—‡ ğ—Œğ—ˆğ—‚ğ—‹, ğ—‰ğ–¾Ìğ—ğ–¾Ì ğ—Œğ—ˆğ—ğ—Œ ğ—…ğ–¾ğ—Œ ğ—‹ğ–¾Ìğ—ğ–¾ğ—‹ğ–»ğ–¾Ì€ğ—‹ğ–¾ğ—Œ. ğ–¯ğ–¾ğ—ğ—-ğ–¾Ì‚ğ—ğ—‹ğ–¾ ğ—Šğ—ğ–¾ ğ—ƒğ–¾ ğ—†ğ–¾ ğ—‹ğ–¾ğ—ğ—ˆğ—ğ—‹ğ—‡ğ–¾ğ—‹ğ–ºğ—‚ğ—Œ ğ—ğ–¾ğ—‹ğ—Œ ğ—ğ—ˆğ—‚. â€” 13.","en-GB",NA,NA,NA,NA,NA,NA,NA,NA,NA,NA,NA,NA,NA,NA,NA,NA,NA,NA,NA,NA,NA,NA,NA,NA,NA,NA,NA,NA,NA,NA,NA,NA,NA,NA,NA,NA,NA,NA,NA,NA,NA,NA,NA,NA,NA,NA,NA,NA,NA,NA,NA,NA,NA,NA,NA,NA,NA,NA,NA,NA,NA,NA,NA,NA
"2","ADDMoore93","@jasonschreier Schreier with he HOT tips good to know.","en","ADDMoore","london","I am a man of fortune and I must seek my fortune. Henry Avery 1694","en",NA,NA,NA,NA,NA,NA,NA,NA,NA,NA,NA,NA,NA,NA,NA,NA,NA,NA,NA,NA,NA,NA,NA,NA,NA,NA,NA,NA,NA,NA,NA,NA,NA,NA,NA,NA,NA,NA,NA,NA,NA,NA,NA,NA,NA,NA,NA,NA,NA,NA,NA,NA,NA,NA,NA,NA,NA,NA,NA,NA,NA,NA,NA,NA
"3","HolyTurkl","@IllcQ @wel2o @_rGd19 Ù‡Ù‡Ù‡Ù‡Ù‡Ù‡Ù‡Ù‡Ù‡Ù‡Ù‡Ù‡Ù‡Ù‡Ù‡Ù‡Ù‡Ù‡Ù‡Ù‡Ù‡Ù‡Ù‡Ù‡Ù‡Ù‡Ù‡Ù‡Ù‡Ù‡Ù‡Ù‡Ù‡Ù‡Ù‡Ù‡Ù‡Ù‡Ù‡Ù‡Ù‡Ù‡Ù‡Ù‡Ù‡Ù‡Ù‡Ù‡Ù‡Ù‡Ù‡Ù‡Ù‡Ù‡Ù‡Ù‡Ù‡Ù‡ Ù‡Ù‡Ù‡Ù‡Ù‡Ù‡Ù‡Ù‡Ù‡Ù‡Ù‡Ù‡Ù‡Ù‡Ù‡Ù‡Ù‡Ù‡Ù‡Ù‡Ù‡Ù‡Ù‡Ù‡Ù‡Ù‡Ù‡Ù‡Ù‡Ù‡Ù‡Ù‡Ù‡Ù‡Ù‡Ù‡Ù‡Ù‡Ù‡Ù‡Ù‡Ù‡Ù‡Ù‡Ù‡Ù‡Ù‡Ù‡Ù‡Ù‡Ù‡Ù‡Ù‡Ù‡Ù‡Ù‡Ù‡Ù‡","ar","ØªÙØ±ÙƒÙŠ","CR7","Ø±Ø£Ø³ÙŠ Ù…ØªØ±Ø¨Ø¹ Ù„Ø´ÙŠØ·Ø§Ù† ÙŠØ£ØªÙŠ Ù…ØªÙ‰ Ù…Ø§ Ø´Ø§Ø¡ØŒ ÙŠØªØ±Ø¨Ø¹ Ø§ÙŠÙ†Ù…Ø§ Ø´Ø§Ø¡ØŒ Ø§Ù†Ø§ Ø¹Ø±Ø´ Ø§Ù„Ø´ÙŠØ·Ø§Ù† Ø§Ø³Ù‚ÙŠÙ‡ Ù†Ø¨ÙŠØ° Ø¯Ù…ÙŠ ÙˆØ§Ù„Ù…Ù„Ø§Ø¦ÙƒØ© Ù„Ø§ ØªØ¹Ø±Ù Ø¥Ù„ÙŠ Ø·Ø±ÙŠÙ‚Ù‹Ø§. https://t.co/F7hp0FV02C","ar",NA,NA,NA,NA,NA,NA,NA,NA,NA,NA,NA,NA,NA,NA,NA,NA,NA,NA,NA,NA,NA,NA,NA,NA,NA,NA,NA,NA,NA,NA,NA,NA,NA,NA,NA,NA,NA,NA,NA,NA,NA,NA,NA,NA,NA,NA,NA,NA,NA,NA,NA,NA,NA,NA,NA,NA,NA,NA,NA,NA,NA,NA,NA,NA
"4","yuuto_NSG","ã‚‚ã†å°‘ã—ã®é–“ã ã‘å…¬é–‹ã‚¢ã‚«ã‚¦ãƒ³ãƒˆã¨ã—ã¦ç¨¼åƒã•ã›ã¾ã™b

NSGã‚«ãƒ¬ãƒƒã‚¸ãƒªãƒ¼ã‚°ã®å­¦ç”Ÿã•ã‚“ãƒ•ã‚©ãƒ­ãƒ¼ã—ã¦ãã‚Œã‚‹ã¨å¬‰ã—ã„ã§ã™Ù©( á› )Ùˆ

FFå¤–ã®æ–¹ã®DMã‚‚å–å¾—ã—ã¾ã™b
DMã¯ä½•ã§ã‚‚ãŠæ°—è»½ã«ã©ã†ãb","ja","ã‚† ( á› ) ã¨","NSG","NSGã‚«ãƒ¬ãƒƒã‚¸ãƒªãƒ¼ã‚°-GIA-MS2 @Ciel_MS_ ã§ã„ã¤ã‚‚ãŠä¸–è©±ã«ãªã£ã¦ã¾ã™b ã“ã¡ã‚‰ã¯ã‚ã‚‹å­¦ç”Ÿã•ã‚“ã®ã¿æ­“è¿ã®ã‚¢ã‚«ã‚¦ãƒ³ãƒˆã§ã™ã€‚ è¶£å‘³ã§å§‹ã‚ãŸãƒ€ãƒ³ã‚¹ãŒä¸Šæ‰‹ããªã‚ŠãŸã„äººÙ©( á› )Ùˆ DMã¯é æ…®ãªãä½•ã§ã‚‚è¨€ã£ã¦ãã ã•ã„b","en",NA,NA,NA,NA,NA,NA,NA,NA,NA,NA,NA,NA,NA,NA,NA,NA,NA,NA,NA,NA,NA,NA,NA,NA,NA,NA,NA,NA,NA,NA,NA,NA,NA,NA,NA,NA,NA,NA,NA,NA,NA,NA,NA,NA,NA,NA,NA,NA,NA,NA,NA,NA,NA,NA,NA,NA,NA,NA,NA,NA,NA,NA,NA,NA
"5","RoboDefenceBird","Chile inicia competencia de escalada para elegir el equipo de Cinque Torri https://t.co/vi9WMLNdDc https://t.co/1R3Ggv52GN","es","RobotDefenceBird","Washington, DC and London","I'm a DefenceBirdie. Don't expect me to reply. I'm just a Twitterbot! Want cutting edge stories about space and defence tech? Be sure to follow @DefenceBird.","en",NA,NA,NA,NA,NA,NA,NA,NA,NA,NA,NA,NA,NA,NA,NA,NA,NA,NA,NA,NA,NA,NA,NA,NA,NA,NA,NA,NA,NA,NA,NA,NA,NA,NA,NA,NA,NA,NA,NA,NA,NA,NA,NA,NA,NA,NA,NA,NA,NA,NA,NA,NA,NA,NA,NA,NA,NA,NA,NA,NA,NA,NA,NA,NA
"6","TheEconomist","Deutsche Bank and Commerzbank call off merger talks https://t.co/ydPliEEGec","de","The Economist","London","News and analysis with a global perspective.  Subscribe here: https://t.co/owztJzwlmm","en",NA,NA,NA,NA,NA,NA,NA,NA,NA,NA,NA,NA,NA,NA,NA,NA,NA,NA,NA,NA,NA,NA,NA,NA,NA,NA,NA,NA,NA,NA,NA,NA,NA,NA,NA,NA,NA,NA,NA,NA,NA,NA,NA,NA,NA,NA,NA,NA,NA,NA,NA,NA,NA,NA,NA,NA,NA,NA,NA,NA,NA,NA,NA,NA
"7","Tyrian3","@_Mdk7_ Come sta la micia?","it","Luca ^Tyrian^","London, England","MarriedğŸ˜ƒGamer/Retrogamer,amateur guitarist,REM lover,Juventus FC fan,Whovian,Nintendo-holic,Mass Effect Master,Civ III addict,Fallout nut,100% Italian geek!","it",NA,NA,NA,NA,NA,NA,NA,NA,NA,NA,NA,NA,NA,NA,NA,NA,NA,NA,NA,NA,NA,NA,NA,NA,NA,NA,NA,NA,NA,NA,NA,NA,NA,NA,NA,NA,NA,NA,NA,NA,NA,NA,NA,NA,NA,NA,NA,NA,NA,NA,NA,NA,NA,NA,NA,NA,NA,NA,NA,NA,NA,NA,NA,NA
"8","skiespointeight","Blue rose : song mino bukan? https://t.co/C7oVmDZcfr","in","byefangirl","London, England","2019 will be amazing

9 des 2018 :MINO WORE MY GIFT

 
Bye fangirl addicted.","id",NA,NA,NA,NA,NA,NA,NA,NA,NA,NA,NA,NA,NA,NA,NA,NA,NA,NA,NA,NA,NA,NA,NA,NA,NA,NA,NA,NA,NA,NA,NA,NA,NA,NA,NA,NA,NA,NA,NA,NA,NA,NA,NA,NA,NA,NA,NA,NA,NA,NA,NA,NA,NA,NA,NA,NA,NA,NA,NA,NA,NA,NA,NA,NA
"9","39JnH","ìë„¨ ëŠ˜ ê·¸ëŸ° ì‹ì´ì§€. ëë„¤. ì´ì   ì ì‘í•  ë•Œë„ ëì§€. (ì˜ìì— ì¶• ëŠ˜ì–´ì ¸ì„œ ëˆˆì„ ê°ëŠ”ë‹¤.)","ko","Henry Jekyll","london, England","í•  ì¼ì´ ì•„ì§ ë‚¨ì•˜ê±°ë“ ìš”. @19JnH ...ìë„¤ëŠ” ì—†ê² ì§€ë§Œ.","ko",NA,NA,NA,NA,NA,NA,NA,NA,NA,NA,NA,NA,NA,NA,NA,NA,NA,NA,NA,NA,NA,NA,NA,NA,NA,NA,NA,NA,NA,NA,NA,NA,NA,NA,NA,NA,NA,NA,NA,NA,NA,NA,NA,NA,NA,NA,NA,NA,NA,NA,NA,NA,NA,NA,NA,NA,NA,NA,NA,NA,NA,NA,NA,NA
"10","itssdelicatee","HeyecanÄ± Yok irileÅŸtirmek kiÅŸileÅŸtirme tulumba kolu","tr","daydreamğŸŒ´4.26","London, England","waitin' for 4.26","tr",NA,NA,NA,NA,NA,NA,NA,NA,NA,NA,NA,NA,NA,NA,NA,NA,NA,NA,NA,NA,NA,NA,NA,NA,NA,NA,NA,NA,NA,NA,NA,NA,NA,NA,NA,NA,NA,NA,NA,NA,NA,NA,NA,NA,NA,NA,NA,NA,NA,NA,NA,NA,NA,NA,NA,NA,NA,NA,NA,NA,NA,NA,NA,NA
"11","barselona328832","ĞĞ°Ñ€Ğ°Ñ‰Ğ¸Ğ²Ğ°Ğ½Ğ¸Ğµ Ñ€ĞµÑĞ½Ğ¸Ñ†, Ğ±Ñ€Ğ¾Ğ²Ğ¸ Ñ Ğ²Ñ‹ĞµĞ·Ğ´Ğ¾Ğ¼ Ğ½Ğ° Ğ´Ğ¾Ğ¼ https://t.co/oGU6bLNF01","ru","ĞĞ½Ñ Ğ›Ğ°Ğ²Ñ€Ğ¾Ğ²Ğ°","London, England","","ru",NA,NA,NA,NA,NA,NA,NA,NA,NA,NA,NA,NA,NA,NA,NA,NA,NA,NA,NA,NA,NA,NA,NA,NA,NA,NA,NA,NA,NA,NA,NA,NA,NA,NA,NA,NA,NA,NA,NA,NA,NA,NA,NA,NA,NA,NA,NA,NA,NA,NA,NA,NA,NA,NA,NA,NA,NA,NA,NA,NA,NA,NA,NA,NA
"12","JoePlumridge","Ajax ticket bagged!!!","nl","jose","Croydon, London","ğŸ‘»
 ğŸ´ó §ó ¢ó ¥ó ®ó §ó ¿ğŸ‡®ğŸ‡±","en","Croydon","Croydon, London","city","United Kingdom","GB",NA,NA,NA,NA,NA,NA,NA,NA,NA,NA,NA,NA,NA,NA,NA,NA,NA,NA,NA,NA,NA,NA,NA,NA,NA,NA,NA,NA,NA,NA,NA,NA,NA,NA,NA,NA,NA,NA,NA,NA,NA,NA,NA,NA,NA,NA,NA,NA,NA,NA,NA,NA,NA,NA,NA,NA,NA,NA,NA
"13","kristelpalad","@nikkisalcs Yasss oh kailan na inom natin","tl","Kristel ğŸ’„","Baker Street","2000s R&B Personified ğŸŒˆ","en",NA,NA,NA,NA,NA,NA,NA,NA,NA,NA,NA,NA,NA,NA,NA,NA,NA,NA,NA,NA,NA,NA,NA,NA,NA,NA,NA,NA,NA,NA,NA,NA,NA,NA,NA,NA,NA,NA,NA,NA,NA,NA,NA,NA,NA,NA,NA,NA,NA,NA,NA,NA,NA,NA,NA,NA,NA,NA,NA,NA,NA,NA,NA,NA
"14","agumi_k","@suitingtseng ç¬¬ä¸€å€‹å­¸æœŸæ¯”è¼ƒä¸æœƒæ§ç®¡é ç®—ï¼Œç”Ÿæ´»ä¸Šå¤šäº†é¡å¤–çš„é–‹éŠ·ï¼Œå¾ä»Šå¹´é–‹å§‹æ…¢æ…¢èª¿æ•´ç”Ÿæ´»è²»å¾100é™åˆ°70ï¼ŒçœŸçš„å¥½å›°é›£å•Šï¼å¹¾ä¹æ¯é¤éƒ½è¦è‡ªç…®æ‰æ´»å¾—ä¸‹å»ã€‚å¦‚æœè¦ç”Ÿæ´»çš„å¹³è¡¡ï¼Œåœ¨å€«æ•¦æ„Ÿè¦ºä¸€é€±120æ‰èƒ½æ´»å¾—æ¯”è¼ƒè‡ªåœ¨èˆ’æœğŸ˜¢","zh","é»‘çœ¼,åœˆï¼»å€«æ•¦æ”»ç•¥ä¸­ï¼½","London, England","Journalism Student / è«–æ–‡åœ°ç„ä¸­ï¼Œå»¢æ¨é€£ç™¼","zh-tw",NA,NA,NA,NA,NA,NA,NA,NA,NA,NA,NA,NA,NA,NA,NA,NA,NA,NA,NA,NA,NA,NA,NA,NA,NA,NA,NA,NA,NA,NA,NA,NA,NA,NA,NA,NA,NA,NA,NA,NA,NA,NA,NA,NA,NA,NA,NA,NA,NA,NA,NA,NA,NA,NA,NA,NA,NA,NA,NA,NA,NA,NA,NA,NA
"15","agumi_k","@suitingtseng ç¬¬ä¸€å€‹å­¸æœŸæ¯”è¼ƒä¸æœƒæ§ç®¡é ç®—ï¼Œç”Ÿæ´»ä¸Šå¤šäº†é¡å¤–çš„é–‹éŠ·ï¼Œå¾ä»Šå¹´é–‹å§‹æ…¢æ…¢èª¿æ•´ç”Ÿæ´»è²»å¾100é™åˆ°70ï¼ŒçœŸçš„å¥½å›°é›£å•Šï¼å¹¾ä¹æ¯é¤éƒ½è¦è‡ªç…®æ‰æ´»å¾—ä¸‹å»ã€‚å¦‚æœè¦ç”Ÿæ´»çš„å¹³è¡¡ï¼Œåœ¨å€«æ•¦æ„Ÿè¦ºä¸€é€±120æ‰èƒ½æ´»å¾—æ¯”è¼ƒè‡ªåœ¨èˆ’æœğŸ˜¢","zh","é»‘çœ¼,åœˆï¼»å€«æ•¦æ”»ç•¥ä¸­ï¼½","London, England","Journalism Student / è«–æ–‡åœ°ç„ä¸­ï¼Œå»¢æ¨é€£ç™¼","zh-tw",NA,NA,NA,NA,NA,NA,NA,NA,NA,NA,NA,NA,NA,NA,NA,NA,NA,NA,NA,NA,NA,NA,NA,NA,NA,NA,NA,NA,NA,NA,NA,NA,NA,NA,NA,NA,NA,NA,NA,NA,NA,NA,NA,NA,NA,NA,NA,NA,NA,NA,NA,NA,NA,NA,NA,NA,NA,NA,NA,NA,NA,NA,NA,NA
"16","UzmanHaneef","@geonews_urdu Kaam karnay ko tou kuch hai mae, zahir hai.","hi","usman hanif","London","A regular guy with some serious apetite â˜ºï¸","en-gb",NA,NA,NA,NA,NA,NA,NA,NA,NA,NA,NA,NA,NA,NA,NA,NA,NA,NA,NA,NA,NA,NA,NA,NA,NA,NA,NA,NA,NA,NA,NA,NA,NA,NA,NA,NA,NA,NA,NA,NA,NA,NA,NA,NA,NA,NA,NA,NA,NA,NA,NA,NA,NA,NA,NA,NA,NA,NA,NA,NA,NA,NA,NA,NA
"17","jhshopeworld","@cosmosmin omg saranghey oppar ğŸ˜ğŸ˜­","no","maude","london","#JUNGKOOK: letâ€™s get this bread !!","en",NA,NA,NA,NA,NA,NA,NA,NA,NA,NA,NA,NA,NA,NA,NA,NA,NA,NA,NA,NA,NA,NA,NA,NA,NA,NA,NA,NA,NA,NA,NA,NA,NA,NA,NA,NA,NA,NA,NA,NA,NA,NA,NA,NA,NA,NA,NA,NA,NA,NA,NA,NA,NA,NA,NA,NA,NA,NA,NA,NA,NA,NA,NA,NA
"18","s_liddar","@Kang_______ Hahaha still relevant ğŸ˜‚","sv","Liddar","London","","en",NA,NA,NA,NA,NA,NA,NA,NA,NA,NA,NA,NA,NA,NA,NA,NA,NA,NA,NA,NA,NA,NA,NA,NA,NA,NA,NA,NA,NA,NA,NA,NA,NA,NA,NA,NA,NA,NA,NA,NA,NA,NA,NA,NA,NA,NA,NA,NA,NA,NA,NA,NA,NA,NA,NA,NA,NA,NA,NA,NA,NA,NA,NA,NA
"19","chefgarner1","#LOBFINAL5
1.Kyler Murray
2. Quinnen Williams
3. Nick Bosa
4. Josh Allen
5. Devon White","fi","Joshua Garner","London, England","Head Chef across the continent and London town, from the heart of Texas","en-gb",NA,NA,NA,NA,NA,NA,NA,NA,NA,NA,NA,NA,NA,NA,NA,NA,NA,NA,NA,NA,NA,NA,NA,NA,NA,NA,NA,NA,NA,NA,NA,NA,NA,NA,NA,NA,NA,NA,NA,NA,NA,NA,NA,NA,NA,NA,NA,NA,NA,NA,NA,NA,NA,NA,NA,NA,NA,NA,NA,NA,NA,NA,NA,NA
"20","ExchangeNews","Mandatory Notification Of Trades - Oslo BÃ¸rs VPS Holding ASA https://t.co/1b7M5ooUFp","da","Mondo Visione","United Kingdom, London","Mondo Visione is the leading source of insight and knowledge about the worldâ€™s exchanges and trading venues.","en",NA,NA,NA,NA,NA,NA,NA,NA,NA,NA,NA,NA,NA,NA,NA,NA,NA,NA,NA,NA,NA,NA,NA,NA,NA,NA,NA,NA,NA,NA,NA,NA,NA,NA,NA,NA,NA,NA,NA,NA,NA,NA,NA,NA,NA,NA,NA,NA,NA,NA,NA,NA,NA,NA,NA,NA,NA,NA,NA,NA,NA,NA,NA,NA
"21","adzgb","AresztowaÄ‡ wszystkich zwolennikÃ³w #PiS! BÄ™dzie Å‚atwiej policzyÄ‡ gÅ‚osy...
#Plastusie","pl","Artur D. Zysk ğŸ‡µğŸ‡±","London, England","Nie chciejcie ojczyzny ktÃ³ra was nic nie kosztuje.","en",NA,NA,NA,NA,NA,NA,NA,NA,NA,NA,NA,NA,NA,NA,NA,NA,NA,NA,NA,NA,NA,NA,NA,NA,NA,NA,NA,NA,NA,NA,NA,NA,NA,NA,NA,NA,NA,NA,NA,NA,NA,NA,NA,NA,NA,NA,NA,NA,NA,NA,NA,NA,NA,NA,NA,NA,NA,NA,NA,NA,NA,NA,NA,NA
"22","razzblues","@my55cents Buzdar is Wasim Akram plus","hu","Blue on Blue","London, England","Citizen of the Country everybody's an expert on.","en",NA,NA,NA,NA,NA,NA,NA,NA,NA,NA,NA,NA,NA,NA,NA,NA,NA,NA,NA,NA,NA,NA,NA,NA,NA,NA,NA,NA,NA,NA,NA,NA,NA,NA,NA,NA,NA,NA,NA,NA,NA,NA,NA,NA,NA,NA,NA,NA,NA,NA,NA,NA,NA,NA,NA,NA,NA,NA,NA,NA,NA,NA,NA,NA
"23","lucky_gravity","@Sadeghaneha @ham3dsal3hi Ù†Ú©Ø³Øª ØªØ§ÛŒÙ… Ø¨Ø§Ø¯ÛŒ ğŸ˜‰","fa","Saman Gravity","London, England","Anarchist | Bitcoiner","en",NA,NA,NA,NA,NA,NA,NA,NA,NA,NA,NA,NA,NA,NA,NA,NA,NA,NA,NA,NA,NA,NA,NA,NA,NA,NA,NA,NA,NA,NA,NA,NA,NA,NA,NA,NA,NA,NA,NA,NA,NA,NA,NA,NA,NA,NA,NA,NA,NA,NA,NA,NA,NA,NA,NA,NA,NA,NA,NA,NA,NA,NA,NA,NA
"24","twiroy","×”×”×“×œ×¤×” ××’×‘ × ×•×’×¢×ª ×œ××™×©×•×¨ ×”××¡×ª××Ÿ ×©×œ ×—×‘×¨×” ×¡×™× ×™×ª ×œ×¡×¤×§ ×ª×©×ª×™×•×ª ×œ×ª×§×©×•×¨×ª ×¡×œ×•×œ×¨×™×ª 5G","iw","roy Touitou Ø±ÙˆÙŠ ØªÙˆÙŠØªÙˆ","London, England","Israeli born, tech sales professional, love Israel and therefor hate Bibi. **my posts represent my own opinions only, and donâ€™t represent my employerâ€™s**","he",NA,NA,NA,NA,NA,NA,NA,NA,NA,NA,NA,NA,NA,NA,NA,NA,NA,NA,NA,NA,NA,NA,NA,NA,NA,NA,NA,NA,NA,NA,NA,NA,NA,NA,NA,NA,NA,NA,NA,NA,NA,NA,NA,NA,NA,NA,NA,NA,NA,NA,NA,NA,NA,NA,NA,NA,NA,NA,NA,NA,NA,NA,NA,NA
"25","ChNaveedBashir","Ù‚Ø§Ø¯ÛŒØ§Ù†ÛŒ Ø§ÙˆØ± Ø±Ø§ÙØ¶ÛŒ Ø¬Ø¨ ØªÚ© Ø¹Ù„ÛŒ Ø§Ù„Ø§Ø¹Ù„Ø§Ù† Ø§Ù¾Ù†Û’ Ø´ÛŒØ·Ø§Ù†ÛŒ Ø¹Ù‚Ø§Ø¦Ø¯ Ø³Û’ ØªÙˆØ¨Û Ù†Û Ú©Ø± Ù„ÛŒÚº Ø§Ù†Ú©ÛŒ Ø¨Ø§Øª Ú©Ùˆ Ù„ØºÙˆ Ø§ÙˆØ± ÙØ³Ù‚ Ø¬Ø§Ù†Ù†Ø§ Ú†Ø§ÛÛŒÛ’ Ú©ÛŒÙˆÙ†Ú©Û Ø§Ù†Ø¯Ø±ÙˆÙ† ÙˆÛ Ù…Ù†Ø§ÙÙ‚ ÛÙˆØªÛ’ ÛÛŒÚºÛ”
â¦#RemoveShehlaRaza","ur","Ch. Naveed  Bashir","London","","en",NA,NA,NA,NA,NA,NA,NA,NA,NA,NA,NA,NA,NA,NA,NA,NA,NA,NA,NA,NA,NA,NA,NA,NA,NA,NA,NA,NA,NA,NA,NA,NA,NA,NA,NA,NA,NA,NA,NA,NA,NA,NA,NA,NA,NA,NA,NA,NA,NA,NA,NA,NA,NA,NA,NA,NA,NA,NA,NA,NA,NA,NA,NA,NA
"26","SteveHarmasch","@vla_ukraine Ğ—Ñ€Ğ¾Ğ·ÑƒĞ¼Ñ–Ğ²)","uk","ğŸ Ğ”Ğ¾Ğ±Ñ€Ğ¸Ğ¹ Ğ Ğ°Ğ½Ğ¾Ğº!","London, England","Current Project: To be a better person. ğŸ‡¬ğŸ‡§ğŸ‡¬ğŸ‡®ğŸ‡ºğŸ‡¦","en",NA,NA,NA,NA,NA,NA,NA,NA,NA,NA,NA,NA,NA,NA,NA,NA,NA,NA,NA,NA,NA,NA,NA,NA,NA,NA,NA,NA,NA,NA,NA,NA,NA,NA,NA,NA,NA,NA,NA,NA,NA,NA,NA,NA,NA,NA,NA,NA,NA,NA,NA,NA,NA,NA,NA,NA,NA,NA,NA,NA,NA,NA,NA,NA
"27","eggybmbs","Si cumberbatch at hiddleston na lang ga ang magpapakilig sa akin?????!","tl","The Woman","221B Baker Street","The Woman has no name.","en",NA,NA,NA,NA,NA,NA,NA,NA,NA,NA,NA,NA,NA,NA,NA,NA,NA,NA,NA,NA,NA,NA,NA,NA,NA,NA,NA,NA,NA,NA,NA,NA,NA,NA,NA,NA,NA,NA,NA,NA,NA,NA,NA,NA,NA,NA,NA,NA,NA,NA,NA,NA,NA,NA,NA,NA,NA,NA,NA,NA,NA,NA,NA,NA
"28","PBalalas","Ready.
Steady.
Go!

ÎšÎ±Î»ÎµÏƒÎ¼ÎµÎ½Î¿Ï‚ Î³Î¹Î± ÏƒÏ…Î½Î­Î½Ï„ÎµÏ…Î¾Î· ÏƒÎµ Ï„Î¿Ï€Î¹ÎºÏŒ ÏÎ±Î´Î¹ÏŒÏ†Ï‰Î½Î¿ ğŸ¤˜ğŸ™ğŸ“»
ÎšÎ±Î»ÏŒ Î±Ï€ÏŒÎ³ÎµÏ…Î¼Î± ÏƒÎµ ÏŒÎ»Î¿Ï…Ï‚! https://t.co/j5622jBxCt","el","Panagiotis Balalas","London, England","ÎœÎµ Î±ÎºÎ¿ÏÏ‚ ÎºÎ¬Î¸Îµ Î Î±ÏÎ±ÏƒÎºÎµÏ…Î® Î±Ï€ÏŒÎ³ÎµÏ…Î¼Î± ÏƒÏ„Î¹Ï‚ 6Î¼Î¼ ÏÏÎ± Î‘Î³Î³Î»Î¯Î±Ï‚ ÎºÎ±Î¹ ÏƒÏ„Î¹Ï‚ 8Î¼Î¼ ÏÏÎ± Î•Î»Î»Î¬Î´Î±Ï‚ ÏƒÏ„Î¿ London Greek Radio 103.3 fm ğŸ“»ğŸ™ï¸ğŸ†
https://t.co/dXE9n2NUf1","en",NA,NA,NA,NA,NA,NA,NA,NA,NA,NA,NA,NA,NA,NA,NA,NA,NA,NA,NA,NA,NA,NA,NA,NA,NA,NA,NA,NA,NA,NA,NA,NA,NA,NA,NA,NA,NA,NA,NA,NA,NA,NA,NA,NA,NA,NA,NA,NA,NA,NA,NA,NA,NA,NA,NA,NA,NA,NA,NA,NA,NA,NA,NA,NA
"29","punchosaurus","@KATUNews A 1988 Chrysler New Yorker.","cs","Name cannot be blank","PNW","hashtag whatever
â€¢
my posts auto-delete","en",NA,NA,NA,NA,NA,NA,NA,NA,NA,NA,NA,NA,NA,NA,NA,NA,NA,NA,NA,NA,NA,NA,NA,NA,NA,NA,NA,NA,NA,NA,NA,NA,NA,NA,NA,NA,NA,NA,NA,NA,NA,NA,NA,NA,NA,NA,NA,NA,NA,NA,NA,NA,NA,NA,NA,NA,NA,NA,NA,NA,NA,NA,NA,NA
"30","HavasEmily","cupidatat non proident, sunt in culpa qui offi 0.536094120655796 a deserunt mollit anim id est laborum.0.4452417603415433","ro","Emily Havas","London","","en",NA,NA,NA,NA,NA,NA,NA,NA,NA,NA,NA,NA,NA,NA,NA,NA,NA,NA,NA,NA,NA,NA,NA,NA,NA,NA,NA,NA,NA,NA,NA,NA,NA,NA,NA,NA,NA,NA,NA,NA,NA,NA,NA,NA,NA,NA,NA,NA,NA,NA,NA,NA,NA,NA,NA,NA,NA,NA,NA,NA,NA,NA,NA,NA
"31","ADDMoore93","@jasonschreier Schreier with he HOT tips good to know.","en","ADDMoore","london","I am a man of fortune and I must seek my fortune. Henry Avery 1694","en",NA,NA,NA,NA,NA,NA,NA,NA,NA,NA,NA,NA,NA,NA,NA,NA,NA,NA,NA,NA,NA,NA,NA,NA,NA,NA,NA,NA,NA,NA,NA,NA,NA,NA,NA,NA,NA,NA,NA,NA,NA,NA,NA,NA,NA,NA,NA,NA,NA,NA,NA,NA,NA,NA,NA,NA,NA,NA,NA,NA,NA,NA,NA,NA
"32","barselona328832","Ğ›Ğ°Ğ¼Ğ¸Ğ½Ğ¸Ñ€Ğ¾Ğ²Ğ°Ğ½Ğ¸Ğµ, ĞĞºÑ€Ğ°ÑˆĞ¸Ğ²Ğ°Ğ½Ğ¸Ğµ Ñ€ĞµÑĞ½Ğ¸Ñ† / Brazilian Waxing https://t.co/w8AZXFwLxw","bg","ĞĞ½Ñ Ğ›Ğ°Ğ²Ñ€Ğ¾Ğ²Ğ°","London, England","","ru",NA,NA,NA,NA,NA,NA,NA,NA,NA,NA,NA,NA,NA,NA,NA,NA,NA,NA,NA,NA,NA,NA,NA,NA,NA,NA,NA,NA,NA,NA,NA,NA,NA,NA,NA,NA,NA,NA,NA,NA,NA,NA,NA,NA,NA,NA,NA,NA,NA,NA,NA,NA,NA,NA,NA,NA,NA,NA,NA,NA,NA,NA,NA,NA
"33","ViktorStevich","@kezhmanprvi ĞĞ¸Ñ˜Ğµ Ñ‚Ğ¾ Ğ¼Ğ¾Ñ˜ ÑÑ‚Ğ¸Ğ»","sr","Ğ’Ğ¸ĞºÑ‚Ğ¾Ñ€ Ğ¡Ñ‚ĞµĞ²Ğ¸Ñ‡","London, England","Ğ’ĞµÑ‡Ğ¸Ñ‚Ğ¸ Ğ¾Ğ¿Ğ¾Ğ·Ğ¸Ñ†Ğ¸Ğ¾Ğ½ĞµÑ€ https://t.co/MTVzmfGZkx Ğ¡Ğ¸Ñ‚Ğµ ÑˆÑ‚Ğ¾ Ğ²Ñ€ĞµÑ“Ğ°Ğ°Ñ‚ ÑœĞµ Ğ±Ğ¸Ğ´Ğ°Ñ‚ Ğ±Ğ»Ğ¾ĞºĞ¸Ñ€Ğ°Ğ½Ğ¸","en",NA,NA,NA,NA,NA,NA,NA,NA,NA,NA,NA,NA,NA,NA,NA,NA,NA,NA,NA,NA,NA,NA,NA,NA,NA,NA,NA,NA,NA,NA,NA,NA,NA,NA,NA,NA,NA,NA,NA,NA,NA,NA,NA,NA,NA,NA,NA,NA,NA,NA,NA,NA,NA,NA,NA,NA,NA,NA,NA,NA,NA,NA,NA,NA
"34","GSamacharUK","àª¹àª¾àª‰àª¸ àª“àª« àª²à«‹àª°à«àª¡à«àª¸àª®àª¾àª‚ àª®àª¨à«‡ àªœàª²àª¿àª¯àª¾àª‚àªµàª¾àª²àª¾ àª¬àª¾àª— àª¹àª¤à«àª¯àª¾àª•àª¾àª‚àª¡àª¨à«‹ àªˆàª¤àª¿àª¹àª¾àª¸ àª¶à«€àª–àªµàª¾ àª®àª³à«àª¯à«‹-https://t.co/lctyK8Rm48 https://t.co/rfusfBOdyU","gu","Gujarat Samachar UK","London, Britain","à«® àª²àª¾àª– àª—à«àªœàª°àª¾àª¤à«€àª…à«‹àª¨à«àª‚ àª¨à«‡àª¤à«ƒàª¤à«àªµ àª•àª°àª¤à«àª‚ 'àª—à«àªœàª°àª¾àª¤ àª¸àª®àª¾àªšàª¾àª°' àª¸àª¾àªªà«àª¤àª¾àª¹àª¿àª• à«ªà«¬àª®àª¾ àªµàª°à«àª·àª®àª¾àª‚ àªªà«àª°àªµà«‡àª¶à«àª¯à«àª‚ àª›à«‡ àª…àª¨à«‡ àª¤à«‡àª¨à«‹ àª«à«‡àª²àª¾àªµà«‹ àª¬à«àª°àª¿àªŸàª¨, àª¯à«àª°à«‹àªª, àª…àª®à«‡àª°àª¿àª•àª¾, àª­àª¾àª°àª¤, àª†àª«à«àª°àª¿àª•àª¾ àª¸à«àª§à«€ àª«à«‡àª²àª¾àª¯à«‡àª²à«‹ àª›à«‡.","en",NA,NA,NA,NA,NA,NA,NA,NA,NA,NA,NA,NA,NA,NA,NA,NA,NA,NA,NA,NA,NA,NA,NA,NA,NA,NA,NA,NA,NA,NA,NA,NA,NA,NA,NA,NA,NA,NA,NA,NA,NA,NA,NA,NA,NA,NA,NA,NA,NA,NA,NA,NA,NA,NA,NA,NA,NA,NA,NA,NA,NA,NA,NA,NA
"35","FightAnand","à¤ªà¤¾à¤ª à¤§à¥à¤£à¤¾à¤° à¤—à¤‚à¤—à¥‡à¤¨à¥‡, 
à¤®à¥à¤²à¥‡ à¤¹à¥‹à¤£à¤¾à¤° à¤†à¤‚à¤¬à¥à¤¯à¤¾à¤¨à¥‡
à¤°à¥‹à¤— à¤¬à¤°à¥‡ à¤¹à¥‹à¤£à¤¾à¤° à¤­à¤¸à¥à¤®à¤¾à¤¨à¥‡ à¤†à¤£à¤¿ à¤¯à¥à¤¦à¥à¤§ à¤œà¤¿à¤‚à¤•à¤£à¤¾à¤° à¤¶à¤¾à¤ªà¤¾à¤¨à¥‡
à¤†à¤¤à¤¾ à¤¦à¥‡à¤¶ à¤®à¤¹à¤¾à¤¸à¤¤à¥à¤¤à¤¾ à¤¹à¥‹à¤£à¤¾à¤°à¤š..! 

#NewIndia under @BJP4India 
@waglenikhil @ameytirodkar @adtpatil","mr","Anand Mangnale","India & London","Feminist|Nomad|SocioPolitical Campaigner|We change world 4 better|PeoplePower| @crowdnewsing @ourdemocracyin |MA Media Campaigning Social Change @UniWestminster","en",NA,NA,NA,NA,NA,NA,NA,NA,NA,NA,NA,NA,NA,NA,NA,NA,NA,NA,NA,NA,NA,NA,NA,NA,NA,NA,NA,NA,NA,NA,NA,NA,NA,NA,NA,NA,NA,NA,NA,NA,NA,NA,NA,NA,NA,NA,NA,NA,NA,NA,NA,NA,NA,NA,NA,NA,NA,NA,NA,NA,NA,NA,NA,NA
"36","phegde127","à²à²²à³à²²à²¾ à²•à²¨à³à²¨à²¡ à²¬à²¾à²‚à²§à²µà²°à²²à³à²²à²¿ à²ªà³à²°à²¾à²°à³à²¥à²¨à³†, à²¨à²¾à²³à³† à²¹à³†à²šà³à²šà²¿à²¨ à²¸à²‚à²–à³†à²¯à²²à³à²²à²¿ à²¦à³‡à²¶à²¦ à²…à²­à²¿à²°à³à²µà²¦à³à²§à²¿ à²®à²¤à³à²¤à³ à²¸à³à²°à²•à³à²·à³† à²¸à²²à³à²µà²¾à²—à²¿ à²®à²¤à²¦à²¾à²¨ à²®à²¾à²¡à²¿ à²­à²¾à²°à²¤à²µà²¨à³à²¨à³ à²—à³†à²²à³à²²à²¿à²¸à²¿. #à²¨à³‹à²Ÿà²¾_à²¬à³‡à²¡à²¾_à²¨à³‡à²¤à²¾_à²¬à³‡à²•à³ #à²•à²®à²²à²•à³à²•à³†_à²®à²¤_à²¦à³‡à²¶à²•à³à²•à³†_à²¹à²¿à²¤","kn","Chowkidar Pradeep","London, UK","Engineering Consultant","en",NA,NA,NA,NA,NA,NA,NA,NA,NA,NA,NA,NA,NA,NA,NA,NA,NA,NA,NA,NA,NA,NA,NA,NA,NA,NA,NA,NA,NA,NA,NA,NA,NA,NA,NA,NA,NA,NA,NA,NA,NA,NA,NA,NA,NA,NA,NA,NA,NA,NA,NA,NA,NA,NA,NA,NA,NA,NA,NA,NA,NA,NA,NA,NA
"37","Abnetalemayhu","á‹¨á‹¶áˆ® á‰¥áˆá‰µ á‰ áŠ á‰†áŒ£áŒ áˆ© á²áª áŠá‹á¢ á‹­áˆ…á‰º á‹¶áˆ® á‰ á²áª á‰¥áˆá‰µ á‰¥á‰µá‰³áŠá…áˆ á© á‹¶áˆ® áŠ¥áŠ•áŒ‚ áŠ áˆ¥áˆ« áˆáˆˆá‰µ áˆ†áŠ“ áŠ á‰³á‹á‰…áˆá¢ #áŠ¢á‰µá‹®áŒ²á‹«
             ğŸ’šğŸ’›â¤","am","ABU","London","á‹¨áŒ¥á‰ á‰¥ áˆ˜áŒ€áˆ˜áˆ­á‹« áŠ¥áŒá‹šáŠ á‰¥áˆ”áˆ­áŠ• áˆ˜ááˆ«á‰µ áŠá‹á¢","en",NA,NA,NA,NA,NA,NA,NA,NA,NA,NA,NA,NA,NA,NA,NA,NA,NA,NA,NA,NA,NA,NA,NA,NA,NA,NA,NA,NA,NA,NA,NA,NA,NA,NA,NA,NA,NA,NA,NA,NA,NA,NA,NA,NA,NA,NA,NA,NA,NA,NA,NA,NA,NA,NA,NA,NA,NA,NA,NA,NA,NA,NA,NA,NA
"38","AlloyNdukwe","@NACANigeria FLSU36 #CALL2666 #NACA","is","alorima","London","official site of Alloy..  a sports, political and entertainment guru.... I like to love and be loved","en",NA,NA,NA,NA,NA,NA,NA,NA,NA,NA,NA,NA,NA,NA,NA,NA,NA,NA,NA,NA,NA,NA,NA,NA,NA,NA,NA,NA,NA,NA,NA,NA,NA,NA,NA,NA,NA,NA,NA,NA,NA,NA,NA,NA,NA,NA,NA,NA,NA,NA,NA,NA,NA,NA,NA,NA,NA,NA,NA,NA,NA,NA,NA,NA
"39","Araik_Sargsyan","Õ„Õ¡Õ¯Õ¥Õ¤Õ¸Õ¶Õ«Õ¡ÕµÕ« Õ¯Õ¡Õ¼Õ¡Õ¾Õ¡Ö€Õ¸Ö‚Õ©ÕµÕ¸Ö‚Õ¶Õ¨ ÕºÕ¡Õ¿Ö€Õ¡Õ½Õ¿ Õ§ Õ³Õ¡Õ¶Õ¡Õ¹Õ¥Õ¬ Ô¼Õ¥Õ¼Õ¶Õ¡ÕµÕ«Õ¶ Õ‚Õ¡Ö€Õ¡Õ¢Õ¡Õ²Õ« Õ¡Õ¶Õ¯Õ¡Õ­Õ¸Ö‚Õ©ÕµÕ¸Ö‚Õ¶Õ¨ - Ô±ÕµÕ½Ö…Ö€` Õ©Õ¡Ö€Õ´ Õ¬Õ¸Ö‚Ö€Õ¥Ö€ Õ€Õ¡ÕµÕ¡Õ½Õ¿Õ¡Õ¶Õ«Ö https://t.co/roS23oltrY","hy","Arayik_Sargsyan","London","Academician,President of Geopolitical Academy.We estimate the political,financial status of countries,their future.Connect us by e-mail: araiksargsyan@yahoo.com","ru",NA,NA,NA,NA,NA,NA,NA,NA,NA,NA,NA,NA,NA,NA,NA,NA,NA,NA,NA,NA,NA,NA,NA,NA,NA,NA,NA,NA,NA,NA,NA,NA,NA,NA,NA,NA,NA,NA,NA,NA,NA,NA,NA,NA,NA,NA,NA,NA,NA,NA,NA,NA,NA,NA,NA,NA,NA,NA,NA,NA,NA,NA,NA,NA
"40","skiespointeight","Blue rose : song mino bukan? https://t.co/C7oVmDZcfr","in","byefangirl","London, England","2019 will be amazing

9 des 2018 :MINO WORE MY GIFT

 
Bye fangirl addicted.","id",NA,NA,NA,NA,NA,NA,NA,NA,NA,NA,NA,NA,NA,NA,NA,NA,NA,NA,NA,NA,NA,NA,NA,NA,NA,NA,NA,NA,NA,NA,NA,NA,NA,NA,NA,NA,NA,NA,NA,NA,NA,NA,NA,NA,NA,NA,NA,NA,NA,NA,NA,NA,NA,NA,NA,NA,NA,NA,NA,NA,NA,NA,NA,NA
"41","SunToLo_","Ø­ÙŠØ§ØªÙŠ Ø¬Ø§ Ø±Ù†Ú¯Ø±ÙŠØ² Ù…Ù„ÙŠØ§ Ú†Ø§Ø± Ù¾Ù„ Ú¾ÙØ¦Ø§ØŒ
Ø³ÙŠ Ø³ÙˆÙ†Ú¾Ù† Û¾ Ø³Ø¬Ø¯Ø§ ÚªØ±ÙŠ Ú©Ù¾Ø§Ø¦ÙŠ ÙˆÚƒÙˆ Ù¾ÙŠØ§
Ø§Ø³Ø§Ù† Ù¾Ù†ÚŒ Ù¾Ù†Ù‡Ù†Ø¬Ùˆ Ù¾Ú„Ø§Ø¦ÙŠ ÙˆÚƒÙˆÙ† Ù¾ÙŠØ§
Ø§ÙˆÙ‡Ø§Ù† Ø³Ø§Ú» Ù†Ø§ØªÙˆ Ù†Ú€Ø§Ø¦ÙŠ ÙˆÚƒÙˆ Ù¾ÙŠØ§.......","sd","#Sofi_ØµÙˆÙÙŠ","London, England","â€â€â€â€â€â€â€â€â€â€â€â€â€â€â€â€â€â€â€â€â€â˜£Sindhi â˜£Sufi â˜£Sensitive â˜£Sociologist â˜£Secular
Ø¢ÙˆØ§Ø² Ø§Ù¹Ú¾Ø§ØªÛ’ Ø±ÛÙˆ Ø§Ø³ Ø³Û’ Ù¾ÛÙ„Û’ Ú©Û’ Ø¢Ù¾ Ø®ÙˆØ¯ Ø§Ù¹Ú¾Ø§ Ù„ÛŒØ¦Û’ Ø¬Ø§Ø¦Ùˆ","en",NA,NA,NA,NA,NA,NA,NA,NA,NA,NA,NA,NA,NA,NA,NA,NA,NA,NA,NA,NA,NA,NA,NA,NA,NA,NA,NA,NA,NA,NA,NA,NA,NA,NA,NA,NA,NA,NA,NA,NA,NA,NA,NA,NA,NA,NA,NA,NA,NA,NA,NA,NA,NA,NA,NA,NA,NA,NA,NA,NA,NA,NA,NA,NA
"42","bbcburmese","á€™á€±á€á€¹á€á€¬ - á€¡á€™á€±á€›á€­á€€á€”á€ºá€™á€¾á€¬ á€™á€½á€±á€¸á€–á€½á€¬á€¸á€€á€¼á€®á€¸á€•á€¼á€„á€ºá€¸á€á€° á€™á€¼á€”á€ºá€™á€¬ á€œá€°á€„á€šá€ºá€á€½á€± á€•á€«á€á€„á€ºá€á€²á€· á€Ÿá€±á€¬á€œá€­á€á€¯á€’á€º á€™á€¼á€”á€ºá€™á€¬ á€›á€¯á€•á€ºá€›á€¾á€„á€º https://t.co/0l1yfbMADg","my","BBC News á€™á€¼á€”á€ºá€™á€¬","London","BBC Burmese.
If you can't see this page, please try a different browser, and check that you have the correct font installed (see our website).","en",NA,NA,NA,NA,NA,NA,NA,NA,NA,NA,NA,NA,NA,NA,NA,NA,NA,NA,NA,NA,NA,NA,NA,NA,NA,NA,NA,NA,NA,NA,NA,NA,NA,NA,NA,NA,NA,NA,NA,NA,NA,NA,NA,NA,NA,NA,NA,NA,NA,NA,NA,NA,NA,NA,NA,NA,NA,NA,NA,NA,NA,NA,NA,NA
"43","bbcsinhala","#SriLankaattacks: Who are the victims?
#SriLanka #LKA
â€œà¶”à·„à·” à¶¸à·’à¶ºà¶œà·’à¶º à¶¶à·€ à¶¸à·š à·€à¶±à¶­à·™à¶šà·Š à¶¶à·’à¶»à·’à¶³à¶§ à¶¯à¶±à·Šà·€à· à¶±à·à·„à·â€
https://t.co/ubZabfPwqW","si","BBC News Sinhala","London","à¶¸à·™à¶¸ à·€à·™à¶¶à·Š à¶…à¶©à·€à·’à¶º à¶šà·’à¶ºà·€à·“à¶¸à¶§ à¶…à¶´à·„à·ƒà·” à¶±à¶¸à·Š à¶šà¶»à·”à¶«à·à¶šà¶» à·†à¶ºà¶»à·Šà·†à·œà¶šà·Šà·ƒà·Š à·„à· à¶œà·–à¶œà¶½à·Š à¶šà·Šâ€à¶»à·à¶¸à·Š à·€à·™à¶¶à·Š à¶¶à·Šâ€à¶»à·€à·Šà·ƒà¶»à¶º à¶¶à·à¶œà¶­ à¶šà¶»à¶±à·Šà¶±","en",NA,NA,NA,NA,NA,NA,NA,NA,NA,NA,NA,NA,NA,NA,NA,NA,NA,NA,NA,NA,NA,NA,NA,NA,NA,NA,NA,NA,NA,NA,NA,NA,NA,NA,NA,NA,NA,NA,NA,NA,NA,NA,NA,NA,NA,NA,NA,NA,NA,NA,NA,NA,NA,NA,NA,NA,NA,NA,NA,NA,NA,NA,NA,NA
"44","agumi_k","@suitingtseng ç¬¬ä¸€å€‹å­¸æœŸæ¯”è¼ƒä¸æœƒæ§ç®¡é ç®—ï¼Œç”Ÿæ´»ä¸Šå¤šäº†é¡å¤–çš„é–‹éŠ·ï¼Œå¾ä»Šå¹´é–‹å§‹æ…¢æ…¢èª¿æ•´ç”Ÿæ´»è²»å¾100é™åˆ°70ï¼ŒçœŸçš„å¥½å›°é›£å•Šï¼å¹¾ä¹æ¯é¤éƒ½è¦è‡ªç…®æ‰æ´»å¾—ä¸‹å»ã€‚å¦‚æœè¦ç”Ÿæ´»çš„å¹³è¡¡ï¼Œåœ¨å€«æ•¦æ„Ÿè¦ºä¸€é€±120æ‰èƒ½æ´»å¾—æ¯”è¼ƒè‡ªåœ¨èˆ’æœğŸ˜¢","zh","é»‘çœ¼,åœˆï¼»å€«æ•¦æ”»ç•¥ä¸­ï¼½","London, England","Journalism Student / è«–æ–‡åœ°ç„ä¸­ï¼Œå»¢æ¨é€£ç™¼","zh-tw",NA,NA,NA,NA,NA,NA,NA,NA,NA,NA,NA,NA,NA,NA,NA,NA,NA,NA,NA,NA,NA,NA,NA,NA,NA,NA,NA,NA,NA,NA,NA,NA,NA,NA,NA,NA,NA,NA,NA,NA,NA,NA,NA,NA,NA,NA,NA,NA,NA,NA,NA,NA,NA,NA,NA,NA,NA,NA,NA,NA,NA,NA,NA,NA
"45","hautepop","@metaleptic á¥á¡á¼áœá“áŸáŸ‡á¢áŸ’á“á€á“áŸ…á¢á¼á•á»á€á™á¾á„á‚á½ášááŸ‚á‘á‘á½á›á€á¶á áŸ’áœáŸá á¾á™á‘áŸ…á…á·á‰áŸ’á…á¹á˜á‘á¶","km","Jay Owens","London","I think & write about dust ğŸŒª, mediağŸ“±, & technologyğŸ“± - all ultimately lenses on late capitalism ğŸš®. Research Director @pulsarplatform ğŸ“ˆ.","en-gb",NA,NA,NA,NA,NA,NA,NA,NA,NA,NA,NA,NA,NA,NA,NA,NA,NA,NA,NA,NA,NA,NA,NA,NA,NA,NA,NA,NA,NA,NA,NA,NA,NA,NA,NA,NA,NA,NA,NA,NA,NA,NA,NA,NA,NA,NA,NA,NA,NA,NA,NA,NA,NA,NA,NA,NA,NA,NA,NA,NA,NA,NA,NA,NA
"46","Latinradiouk","DJ Snake ft Selena Gomez, Ozuna Y Cardi B - Taki Taki","sl","Latin Radio UK","London, England","Latin Radio is your 100% Latin music radio station based in the UK - We play 100% Latin 24/7 Salsa, Merengue, Bachata to Reggeaton, Cumbia and much more!","en",NA,NA,NA,NA,NA,NA,NA,NA,NA,NA,NA,NA,NA,NA,NA,NA,NA,NA,NA,NA,NA,NA,NA,NA,NA,NA,NA,NA,NA,NA,NA,NA,NA,NA,NA,NA,NA,NA,NA,NA,NA,NA,NA,NA,NA,NA,NA,NA,NA,NA,NA,NA,NA,NA,NA,NA,NA,NA,NA,NA,NA,NA,NA,NA
"47","malla_saeed","Ø¦ÛÙˆÛ• Ù†Ø§ØªÙˆØ§Ù†Ù† Ø¨Û• Ù¾Ø§Ø±Û• Ù„Û• Ú†Û•Ù†Ø¯ Ú˜Ù…Ø§Ø±Û•ÛŒÛ•Ú© Ø²ÛŒØ§ØªØ± Ú¾Ø§ÙˆØ±Û Ø¨Ú¯Ø±Ù†
Ø¨Û•ÚµØ§Ù… Ø¨Û• Ú¾Û•Ù„Ø³ÙˆÚ©Û•ÙˆØªÛŒ Ø¨Ø§Ø´ Ùˆ Ù…ÛŒÚ¾Ø±Û•Ø¨Ø§Ù† Ø¯Û•ØªÙˆØ§Ù†Ù† Ø¯ÙˆÙˆÙ†ÛŒØ§ÛŒÛ•Ú©
Ø´Û•ÛŒØ¯Ø§ÛŒ Ø®Û†ØªØ§Ù† Ø¨Ú©Û•Ù†....ğŸŒ¹ğŸŒ¹

Ø¦ÛŒÙ…Ø§Ù…ÛŒ Ø¹ÙˆÙ…Û•Ø±","ckb","saeed malla","London, England","Iâ€™m happy in life","en",NA,NA,NA,NA,NA,NA,NA,NA,NA,NA,NA,NA,NA,NA,NA,NA,NA,NA,NA,NA,NA,NA,NA,NA,NA,NA,NA,NA,NA,NA,NA,NA,NA,NA,NA,NA,NA,NA,NA,NA,NA,NA,NA,NA,NA,NA,NA,NA,NA,NA,NA,NA,NA,NA,NA,NA,NA,NA,NA,NA,NA,NA,NA,NA
"48","mschfhiddlestan","@AllyBrooke GAROTA VSJAGSIGWKQVEIGSIAGAIGAIG MEU DEUS","lv","Thais VAI na ccxp","221b Baker Street","an angel will die covered in white, closed eyed and hoping for a better life
â¤22/02/17â¤","pt",NA,NA,NA,NA,NA,NA,NA,NA,NA,NA,NA,NA,NA,NA,NA,NA,NA,NA,NA,NA,NA,NA,NA,NA,NA,NA,NA,NA,NA,NA,NA,NA,NA,NA,NA,NA,NA,NA,NA,NA,NA,NA,NA,NA,NA,NA,NA,NA,NA,NA,NA,NA,NA,NA,NA,NA,NA,NA,NA,NA,NA,NA,NA,NA
"49","ForeverBeautyUK","Septynios paslaptys apie paauglius https://t.co/msywsXYUTY","lt","Forever Beauty","United Kingdom - London","Forever Living Products was founded in 1978 on little more than dreams and hard work. It was designed to help anyone who wanted a better future to attain i","en",NA,NA,NA,NA,NA,NA,NA,NA,NA,NA,NA,NA,NA,NA,NA,NA,NA,NA,NA,NA,NA,NA,NA,NA,NA,NA,NA,NA,NA,NA,NA,NA,NA,NA,NA,NA,NA,NA,NA,NA,NA,NA,NA,NA,NA,NA,NA,NA,NA,NA,NA,NA,NA,NA,NA,NA,NA,NA,NA,NA,NA,NA,NA,NA
"50","thisisphillip","@COPA90 @raphaelvarane @ChampionsLeague @FIFAWorldCup Kroos (2014) &amp; .. ğŸ¤·ğŸ»â€â™‚ï¸","et","â–ªï¸phil aizlewood.","London, England","â–ªï¸|| Actor ğŸ­| Host âš“ï¸ | SON | Little Brother | UNCLE | football, acting & aLL tHinGs BAsiC AF.ğŸ¤ªâš½ï¸ğŸ¬| represented by @AKAgentsLondon â€” #MUFC #PMA â€” ğŸ”´ğŸ¤™ğŸ»â™“ï¸ ||","en",NA,NA,NA,NA,NA,NA,NA,NA,NA,NA,NA,NA,NA,NA,NA,NA,NA,NA,NA,NA,NA,NA,NA,NA,NA,NA,NA,NA,NA,NA,NA,NA,NA,NA,NA,NA,NA,NA,NA,NA,NA,NA,NA,NA,NA,NA,NA,NA,NA,NA,NA,NA,NA,NA,NA,NA,NA,NA,NA,NA,NA,NA,NA,NA
"51","kristelpalad","@nikkisalcs Yasss oh kailan na inom natin","tl","Kristel ğŸ’„","Baker Street","2000s R&B Personified ğŸŒˆ","en",NA,NA,NA,NA,NA,NA,NA,NA,NA,NA,NA,NA,NA,NA,NA,NA,NA,NA,NA,NA,NA,NA,NA,NA,NA,NA,NA,NA,NA,NA,NA,NA,NA,NA,NA,NA,NA,NA,NA,NA,NA,NA,NA,NA,NA,NA,NA,NA,NA,NA,NA,NA,NA,NA,NA,NA,NA,NA,NA,NA,NA,NA,NA,NA
"52","bin_aadhanu","ŞƒŞ¦Ş‡Ş°Ş”ŞªŞŒŞªŞ‚Ş°ŞŞ¬ Ş‰Ş¦Ş–ŞªŞŞ¨Ş€Ş¦Ş‡Ş° Ş†ŞªŞƒŞ¨Ş‰Ş¦ŞŒŞ¨ŞŞ§ Ş‰Ş©Ş€ŞªŞ‚Ş°Ş‚Ş§Ş‡Ş¨ØŒ Ş‰Ş¨Ş‚Ş¨ŞŞ°Ş“Ş¦ŞƒŞªŞ‚Ş°Ş‚Ş§Ş‡Ş¨ ŞƒŞ¦Ş‡Ş©ŞŞ° Ş‡Ş¦Ş‹Ş¨ Ş‚Ş¦Ş‡Ş¨Ş„Şª ŞƒŞ¦Ş‡Ş©ŞŞ° ŞŸŞ¦ŞƒŞªŞŒŞ¦Ş†Ş¦Ş‡Ş° ŞŠŞªŞƒŞ¦ŞŒŞ¦Ş‰Ş¦ Ş‘Ş¨ŞŞªŞƒŞ© Ş‡Ş®ŞŒŞªŞ‚Ş°. Ş‡Ş¬Ş‚Ş°Ş‰Ş¬ Ş‰Ş¦Ş‹ŞªŞˆŞ¬ŞŞ¬Ş‚Ş° Ş‰Ş¬Ş‚Ş­Ş–ŞªŞ‰Ş¦Ş‚Ş°Ş“Ş° Ş‰Ş¦Ş¤Ş§Ş‰Ş¬Ş‡Ş°ŞŞ¦Ş‡Ş¨  07 Ş‡Ş¦Ş€Ş¦ŞƒŞª Ş‡ŞªŞ…ŞªŞ‚Ş° Ş†Ş¦Ş‚Ş‘Ş¦Ş‡Ş¬Ş…ŞªŞ‚Ş° Ş†Ş¨Ş€Ş¨Ş‚Ş¬Ş‡Ş°ŞˆŞ§Ş‚Ş¬ŞŒŞ¯Ş‡Ş¬ŞˆŞ¬.","dv","Latinâ“ğŸˆ","London, England","""Indeed, with hardship [will be] ease"" 94:06","en",NA,NA,NA,NA,NA,NA,NA,NA,NA,NA,NA,NA,NA,NA,NA,NA,NA,NA,NA,NA,NA,NA,NA,NA,NA,NA,NA,NA,NA,NA,NA,NA,NA,NA,NA,NA,NA,NA,NA,NA,NA,NA,NA,NA,NA,NA,NA,NA,NA,NA,NA,NA,NA,NA,NA,NA,NA,NA,NA,NA,NA,NA,NA,NA
"53","Tt_weeter","@konasimaking à°à°‚à°¦à±à°•à± à°°à°¾à°¡à± , à°µà°¸à±à°¤à°¾à°¡à± à°µà°¾à°¡à± à°…à°¸à°²à± 210 à°•à°¿ à°¡à°¿à°¸à±ˆà°¡à± à°…à°¯à±à°¯à°¿ à°µà°šà±à°šà°¿ à°‰à°‚à°Ÿà°¾à°¡à±. à°®à±€à°°à± 10/- à°à°•à±à°•à±à°µà±‡ à°‡à°šà±à°šà°¾à°°à±","te","kioğŸ“¶","Hillingdon, London","Incognito till may 23rd","en",NA,NA,NA,NA,NA,NA,NA,NA,NA,NA,NA,NA,NA,NA,NA,NA,NA,NA,NA,NA,NA,NA,NA,NA,NA,NA,NA,NA,NA,NA,NA,NA,NA,NA,NA,NA,NA,NA,NA,NA,NA,NA,NA,NA,NA,NA,NA,NA,NA,NA,NA,NA,NA,NA,NA,NA,NA,NA,NA,NA,NA,NA,NA,NA
"54","HealerTwins","And heâ€™s gone... adios ğŸ¥€
RIP grandpa â™¥ï¸

áƒ¨áƒáƒ áƒ¨áƒáƒœ áƒ•áƒœáƒ”áƒ‘áƒ˜áƒ¡ áƒ™áƒ•áƒ˜áƒ áƒáƒ¡ áƒ”áƒ áƒ—áƒ˜ áƒ‘áƒáƒ‘áƒ£áƒ áƒ¬áƒáƒ•áƒ˜áƒ“áƒ, áƒ¬áƒ”áƒšáƒ¡ áƒ›áƒ”áƒáƒ áƒ”.. áƒ”áƒ° https://t.co/fyjY4nRGqN","ka","Healer Twins Music","London, England","Georgian medic twins duo, residing in London.","en",NA,NA,NA,NA,NA,NA,NA,NA,NA,NA,NA,NA,NA,NA,NA,NA,NA,NA,NA,NA,NA,NA,NA,NA,NA,NA,NA,NA,NA,NA,NA,NA,NA,NA,NA,NA,NA,NA,NA,NA,NA,NA,NA,NA,NA,NA,NA,NA,NA,NA,NA,NA,NA,NA,NA,NA,NA,NA,NA,NA,NA,NA,NA,NA
"55","nepalbritain","à¤¬à¤¿à¤¹à¤¾à¤¨ à¤‰à¤ à¥à¤¨à¥‡ à¤¬à¤¿à¤¤à¥à¤¤à¤¿à¤•à¥ˆ à¤¨à¤—à¤°à¥à¤¨à¥à¤¸à¥ à¤¯à¥€ à¥« à¤•à¤¾à¤®
https://t.co/4TkyVaHV7Tà¤¬à¤¿à¤¹à¤¾à¤¨à¥à¤¤à¤¿à¤•à¥ˆ à¤¨à¤—à¤°à¥à¤¨à¥à¤¸à¥ à¤¯à¥€ à¥« à¤•à¤¾à¤®News Portal of Global Nepali","ne","nepalbritain.com","London","News Portal of Global Nepali","en",NA,NA,NA,NA,NA,NA,NA,NA,NA,NA,NA,NA,NA,NA,NA,NA,NA,NA,NA,NA,NA,NA,NA,NA,NA,NA,NA,NA,NA,NA,NA,NA,NA,NA,NA,NA,NA,NA,NA,NA,NA,NA,NA,NA,NA,NA,NA,NA,NA,NA,NA,NA,NA,NA,NA,NA,NA,NA,NA,NA,NA,NA,NA,NA
"56","preettandi","à¨œà¨£à©‡-à¨–à¨£à©‡ à¨¨à¨¾à¨² #à¨¯à¨¾à¨°à©€à¨†à¨‚ à¨œà©‹ à¨²à¨¾à¨‰à¨£ à¨²à©±à¨— à¨œà©‡ ğŸ”«ğŸ”« 
à¨¯à¨¾à¨° ğŸ’“ à¨šà©‹à¨‚ #à¨ªà©à¨°à¨¾à¨£à©‡ à¨œà©‹ à¨­à©à¨²à¨¾à¨‰à¨£ à¨²à©±à¨— à¨œà©‡ ğŸ˜ŒğŸ˜Œ 
à¨¨à¨¿à©±à¨¤ à¨¨à¨µà¨¿à¨†à¨‚ à¨¦à©€ #à¨¯à¨¾à¨°à©€ à¨œà¨¿à¨¹à©œà¨¾ à¨°à¨¹à©‡ à¨²à©‹à©œà¨¦à¨¾ ğŸ‘ğŸ‘Š 
à¨ªà©à¨°à©€à¨¤ #à¨Ÿà¨¾à¨‚à¨¡à©€ à¨‡à¨¹à©‹ à¨œà¨¿à¨¹à©‡ #à¨¬à©°à¨¦à¨¿à¨† à¨¨à©‚à©° à¨¹à©±à¨¥ à¨œà©‹à©œà¨¦à¨¾ğŸ™","pa","Chef Preet Tandi","london, UK","Preet Tandi is a multi talented chef with a wealth of experience in luxury and Michelin Dining .","en",NA,NA,NA,NA,NA,NA,NA,NA,NA,NA,NA,NA,NA,NA,NA,NA,NA,NA,NA,NA,NA,NA,NA,NA,NA,NA,NA,NA,NA,NA,NA,NA,NA,NA,NA,NA,NA,NA,NA,NA,NA,NA,NA,NA,NA,NA,NA,NA,NA,NA,NA,NA,NA,NA,NA,NA,NA,NA,NA,NA,NA,NA,NA,NA
"57","TheBillStack","lmao
#Splatoon2 #NintendoSwitch #endgame https://t.co/xvuG8NwmOm","ht","ğ—±ğ—®ğ—¿ğ—¸ğ˜€ğ—½ğ—¼ğ—¼ğ—»","London","For opinions so pointless they're not even wrong.","en",NA,NA,NA,NA,NA,NA,NA,NA,NA,NA,NA,NA,NA,NA,NA,NA,NA,NA,NA,NA,NA,NA,NA,NA,NA,NA,NA,NA,NA,NA,NA,NA,NA,NA,NA,NA,NA,NA,NA,NA,NA,NA,NA,NA,NA,NA,NA,NA,NA,NA,NA,NA,NA,NA,NA,NA,NA,NA,NA,NA,NA,NA,NA,NA
"58","AbdullahMiakhil","@ShaharzadAkbar Ú‰ÛŒØ± Ú‰ÛŒØ± Ø¯Û Ù…Ø¨Ø§Ø±Ú© ÙˆÙŠ","ps","Abdullah Miakhil","London, England","Journalist/Writer/Advisor to Minister/President of #Afghan society @uniWestLondon / Political and Social activist. RTs not endorsements.","en",NA,NA,NA,NA,NA,NA,NA,NA,NA,NA,NA,NA,NA,NA,NA,NA,NA,NA,NA,NA,NA,NA,NA,NA,NA,NA,NA,NA,NA,NA,NA,NA,NA,NA,NA,NA,NA,NA,NA,NA,NA,NA,NA,NA,NA,NA,NA,NA,NA,NA,NA,NA,NA,NA,NA,NA,NA,NA,NA,NA,NA,NA,NA,NA
"59","twiroy","×”×”×“×œ×¤×” ××’×‘ × ×•×’×¢×ª ×œ××™×©×•×¨ ×”××¡×ª××Ÿ ×©×œ ×—×‘×¨×” ×¡×™× ×™×ª ×œ×¡×¤×§ ×ª×©×ª×™×•×ª ×œ×ª×§×©×•×¨×ª ×¡×œ×•×œ×¨×™×ª 5G","iw","roy Touitou Ø±ÙˆÙŠ ØªÙˆÙŠØªÙˆ","London, England","Israeli born, tech sales professional, love Israel and therefor hate Bibi. **my posts represent my own opinions only, and donâ€™t represent my employerâ€™s**","he",NA,NA,NA,NA,NA,NA,NA,NA,NA,NA,NA,NA,NA,NA,NA,NA,NA,NA,NA,NA,NA,NA,NA,NA,NA,NA,NA,NA,NA,NA,NA,NA,NA,NA,NA,NA,NA,NA,NA,NA,NA,NA,NA,NA,NA,NA,NA,NA,NA,NA,NA,NA,NA,NA,NA,NA,NA,NA,NA,NA,NA,NA,NA,NA
"60","InfoUyghur","Ø¨Ù‰Ø± Ú¾Û•Ù¾ØªÙ‰Ù„Ù‰Ùƒ Ù¾Ù‰Ù„Ø§Ù†Ù‰Ù…: Ø®Ø§Ù„Ù…Û‡Ø±Ø§Øª Ù‚ÛØ±Ù‰Ù†Ø¯Ù‰Ø´Ù‰Ù…Ù‰Ø²Ù†Ù‰ Ú†Ø§Ù‚Ù‚Ø§Ù† Ú†Ø§ÙŠØ§Ù†Ù„Ø§Ø±Ù†Ù‰ ÙƒÛ†Ø²Ø¯Ù‰Ù† ÙŠÙˆÙ‚Ù‰ØªÙ‰Ø´. â€” feeling angry","ug","Uyghurinfo","London, England","We are tiny, we are weak, but if we unite, we can become strong enough to defeat any dictators whose rules are against humanity.","en",NA,NA,NA,NA,NA,NA,NA,NA,NA,NA,NA,NA,NA,NA,NA,NA,NA,NA,NA,NA,NA,NA,NA,NA,NA,NA,NA,NA,NA,NA,NA,NA,NA,NA,NA,NA,NA,NA,NA,NA,NA,NA,NA,NA,NA,NA,NA,NA,NA,NA,NA,NA,NA,NA,NA,NA,NA,NA,NA,NA,NA,NA,NA,NA
"61","flowerovlove","@x_safx Corbyn ğŸ˜‚ğŸ˜‚ğŸ˜‚","cy","JOYCE","London, UK","wowza. i love to thrift |singer |ğ™‘ğ™ğ™£ğ™©ğ™–ğ™œğ™š ğ™¦ğ™ªğ™šğ™šğ™£","en",NA,NA,NA,NA,NA,NA,NA,NA,NA,NA,NA,NA,NA,NA,NA,NA,NA,NA,NA,NA,NA,NA,NA,NA,NA,NA,NA,NA,NA,NA,NA,NA,NA,NA,NA,NA,NA,NA,NA,NA,NA,NA,NA,NA,NA,NA,NA,NA,NA,NA,NA,NA,NA,NA,NA,NA,NA,NA,NA,NA,NA,NA,NA,NA
"62","chrtucci","jâ€™adore le gymnase https://t.co/nKFI9UR9mG","fr","Christian Tucci","Brooklyn, NY","Maude Night writer at @ucbtny â€¢ Contributor to @TheSecondCity @McSweeneys @TheOnion â€¢ Operations at @CarnegieHall","en",NA,NA,NA,NA,NA,NA,NA,NA,NA,NA,NA,NA,NA,NA,NA,NA,NA,NA,NA,NA,NA,NA,NA,NA,NA,NA,NA,NA,NA,NA,NA,NA,NA,NA,NA,NA,NA,NA,NA,NA,NA,NA,NA,NA,NA,NA,NA,NA,NA,NA,NA,NA,NA,NA,NA,NA,NA,NA,NA,NA,NA,NA,NA,NA
"63","bedini_i","@revrrlewis I mean like it's like worse than like that WholeFoodsCost thing that Germany had.","en","I. M. Bedini","New York, NY","â€œOh cara mia, you make a big mistake. I am no man, I am Bedini!â€","en",NA,NA,NA,NA,NA,NA,NA,NA,NA,NA,NA,NA,NA,NA,NA,NA,NA,NA,NA,NA,NA,NA,NA,NA,NA,NA,NA,NA,NA,NA,NA,NA,NA,NA,NA,NA,NA,NA,NA,NA,NA,NA,NA,NA,NA,NA,NA,NA,NA,NA,NA,NA,NA,NA,NA,NA,NA,NA,NA,NA,NA,NA,NA,NA
"64","khaled39348345","Ù…Ø¬Ù„Ø³ Ù†ÙˆØ§Ø¨ Ø³ÙŠØ¤Ù† Ø§Ø­Ø¯ Ù…Ø³Ø±Ø­ÙŠØ§Øª Ø§Ù„ØªØ­Ø§Ù„Ù ÙˆØ§Ù„Ù„Ø¹Ø¨ Ø¹ Ø§Ù„Ø­Ø¨Ù„ÙŠÙ† Ø­Ø±Ø¨ Ø§Ù„ÙŠÙ…Ù† Ù„Ø¹Ø¨Ø© Ø´Ø·Ø±Ù†Ø¬ ØªÙ…Ø³Ùƒ Ø®ÙŠÙˆØ·Ù‡Ø§ Ø§Ù„Ø³Ø¹ÙˆØ¯ÙŠØ© Ù…Ù† Ø­ÙˆØ«ÙŠ Ø§Ø®ÙˆØ§Ù†ÙŠ Ø£Ù…Ù… Ù…ØªØ­Ø¯Ø© Ø§Ù†ÙØµØ§Ù„ ØªØ¬ÙˆÙŠØ¹ ØªØ±Ø­ÙŠÙ„ ØªØ£Ø®ÙŠØ± Ù…Ø¹Ø§Ø±Ùƒ Ù…Ù† ÙŠØ«Ù‚ Ù Ø§Ù„Ø­ÙˆØ«ÙŠ ÙˆØ§Ù„Ø¥ØµÙ„Ø§Ø­ÙŠ ÙˆØ§Ù„Ø³Ø¹ÙˆØ¯ÙŠØ© ÙƒØ£Ù†Ù…Ø§ ÙŠØ«Ù‚ Ù Ø§Ø¨Ù„ÙŠØ³ ÙƒÙ„Ù‡Ù… Ø£Ø¯ÙˆØ§Øª Ù„Ù„ØªØ­Ø§Ù„Ù Ù„ØªÙ‚Ø³ÙŠÙ… Ø§Ù„ÙˆØ·Ù† Ø§ÙÙ‡Ù… ÙŠ ÙÙŠÙ‡Ù…","ar","khaled","New York, NY","","en",NA,NA,NA,NA,NA,NA,NA,NA,NA,NA,NA,NA,NA,NA,NA,NA,NA,NA,NA,NA,NA,NA,NA,NA,NA,NA,NA,NA,NA,NA,NA,NA,NA,NA,NA,NA,NA,NA,NA,NA,NA,NA,NA,NA,NA,NA,NA,NA,NA,NA,NA,NA,NA,NA,NA,NA,NA,NA,NA,NA,NA,NA,NA,NA
"65","JoelGal79861721","@sreeanusha3 Mmmmm q rico mi amor","es","JoelGalindo","","","es","Staten Island","Staten Island, NY","city","United States","US",NA,NA,NA,NA,NA,NA,NA,NA,NA,NA,NA,NA,NA,NA,NA,NA,NA,NA,NA,NA,NA,NA,NA,NA,NA,NA,NA,NA,NA,NA,NA,NA,NA,NA,NA,NA,NA,NA,NA,NA,NA,NA,NA,NA,NA,NA,NA,NA,NA,NA,NA,NA,NA,NA,NA,NA,NA,NA,NA
"66","Carpediem041703","Ist der SPD BÃ¼rgermeister der wegen schwerer Untreue von der Staatsanwaltschaft angeklagt ist,auch leider fÃ¼r einen groÃŸen Teil der SPD eine reprÃ¤sentative Person?Ich denke schon.Das Rot-GrÃ¼ne sozialistische und Deutschenfeindliche Milieu ist nicht mit den Deutschen kompatibel. https://t.co/riph4Bjjd8","de","CarpeDiem","New York, USA","AfD WÃ¤hler,ğŸ’™âœï¸âœ¡ï¸ğŸ‡©ğŸ‡ªPro Vaterland, gegen Parteien Diktatur, Gegen Gewalt egal von welcher Seite, Folgen bedeutet nicht Zustimmung , Ich folge auch andersdenkenden","de",NA,NA,NA,NA,NA,NA,NA,NA,NA,NA,NA,NA,NA,NA,NA,NA,NA,NA,NA,NA,NA,NA,NA,NA,NA,NA,NA,NA,NA,NA,NA,NA,NA,NA,NA,NA,NA,NA,NA,NA,NA,NA,NA,NA,NA,NA,NA,NA,NA,NA,NA,NA,NA,NA,NA,NA,NA,NA,NA,NA,NA,NA,NA,NA
"67","illMac54","@robrousseau @JoeBiden Brutality","it","Leo Charles M.","Jersey City, NJ","Author of the Chronicles of Mayhem 
#FantasyLives!
#StarWars, #LotR, #HDM, #ASoIaF, Fantasy/Sci-Fi reader and writer Leftist shitpost fliterer","en",NA,NA,NA,NA,NA,NA,NA,NA,NA,NA,NA,NA,NA,NA,NA,NA,NA,NA,NA,NA,NA,NA,NA,NA,NA,NA,NA,NA,NA,NA,NA,NA,NA,NA,NA,NA,NA,NA,NA,NA,NA,NA,NA,NA,NA,NA,NA,NA,NA,NA,NA,NA,NA,NA,NA,NA,NA,NA,NA,NA,NA,NA,NA,NA
"68","Oohbell","Que porra Ã© essaaaa","pt","brightnessâ„¢","Manhattan, NY","","pt",NA,NA,NA,NA,NA,NA,NA,NA,NA,NA,NA,NA,NA,NA,NA,NA,NA,NA,NA,NA,NA,NA,NA,NA,NA,NA,NA,NA,NA,NA,NA,NA,NA,NA,NA,NA,NA,NA,NA,NA,NA,NA,NA,NA,NA,NA,NA,NA,NA,NA,NA,NA,NA,NA,NA,NA,NA,NA,NA,NA,NA,NA,NA,NA
"69","KEspionageve","ì € ë³¼ì€ã…‹ã…‹ã…‹ã…‹ã…‹ã…‹ã…‹ ì¡°ì½”ì•Œ ì‚¬ì§„ì„ ì°¸ê³ í•˜ì‹  ê²Œ í‹€ë¦¼ì—†ë‹¤ ã…‹ã…‹ã…‹ã…‹ã…‹ã…‹ã…‹ã…‹ã…‹ã…‹ã…‹ã…‹ã…‹ã…‹ ì´ë ‡ê²Œ íŒ¬ì•„íŠ¸ì—ì„œ ì‚¬ìƒë°œ ìœ ì¶œì‚¬ì§„ì˜ ëƒ„ìƒˆë¥¼ ë§¡ì•„...","ko","â€œMy Loveâ€ unnamed","New York","Hillary Clinton, Anna Wintour, and Unnamed #íìœˆì–¸","ko",NA,NA,NA,NA,NA,NA,NA,NA,NA,NA,NA,NA,NA,NA,NA,NA,NA,NA,NA,NA,NA,NA,NA,NA,NA,NA,NA,NA,NA,NA,NA,NA,NA,NA,NA,NA,NA,NA,NA,NA,NA,NA,NA,NA,NA,NA,NA,NA,NA,NA,NA,NA,NA,NA,NA,NA,NA,NA,NA,NA,NA,NA,NA,NA
"70","CadBane_","MÃ¼zikten kafan aÄŸrÄ±dÄ±ÄŸÄ±nda sesi arttÄ±rmayÄ± dene sesin net duyulmamasÄ± da kafa aÄŸrÄ±sÄ± yapÄ±yor beyni Ã§ok yoruyor farkÄ± gÃ¶receksin.","tr","Bane","New York, USA","HEYOOOOOOO ananÄ± skwym :D","tr",NA,NA,NA,NA,NA,NA,NA,NA,NA,NA,NA,NA,NA,NA,NA,NA,NA,NA,NA,NA,NA,NA,NA,NA,NA,NA,NA,NA,NA,NA,NA,NA,NA,NA,NA,NA,NA,NA,NA,NA,NA,NA,NA,NA,NA,NA,NA,NA,NA,NA,NA,NA,NA,NA,NA,NA,NA,NA,NA,NA,NA,NA,NA,NA
"71","u_zorig","@zulaani Ğ¥Ğ°Ñ…Ğ°","ru","Zorig.U ğŸ˜Š","New York, USA","#Ğ¥Ğ°Ğ¹Ñ€ #ĞŸĞ¾Ğ¿Ñ…Ğ¾Ğ½ #Ğ‘Ğ°Ñ€Ğ¸Ğ°Ğ½Ñ‚ #ĞœĞ¾Ğ½Ğ³Ğ¾Ğ»ĞœÓ©Ñ€Ó©Ó©Ğ´Ó©Ğ»ĞšĞ»ÑƒĞ±","en",NA,NA,NA,NA,NA,NA,NA,NA,NA,NA,NA,NA,NA,NA,NA,NA,NA,NA,NA,NA,NA,NA,NA,NA,NA,NA,NA,NA,NA,NA,NA,NA,NA,NA,NA,NA,NA,NA,NA,NA,NA,NA,NA,NA,NA,NA,NA,NA,NA,NA,NA,NA,NA,NA,NA,NA,NA,NA,NA,NA,NA,NA,NA,NA
"72","regopotswek","@motheomoremi_1 Is waar","nl","Horacek","brooklyn","Practising Attorney ; email.horacek@couzyn.co.za, lives in Midrand and Born ko Hebron village.","en",NA,NA,NA,NA,NA,NA,NA,NA,NA,NA,NA,NA,NA,NA,NA,NA,NA,NA,NA,NA,NA,NA,NA,NA,NA,NA,NA,NA,NA,NA,NA,NA,NA,NA,NA,NA,NA,NA,NA,NA,NA,NA,NA,NA,NA,NA,NA,NA,NA,NA,NA,NA,NA,NA,NA,NA,NA,NA,NA,NA,NA,NA,NA,NA
"73","javellanaveyan","may gusto na naman manligaw wewz","tl","angela","fairview","gig is lyf","en",NA,NA,NA,NA,NA,NA,NA,NA,NA,NA,NA,NA,NA,NA,NA,NA,NA,NA,NA,NA,NA,NA,NA,NA,NA,NA,NA,NA,NA,NA,NA,NA,NA,NA,NA,NA,NA,NA,NA,NA,NA,NA,NA,NA,NA,NA,NA,NA,NA,NA,NA,NA,NA,NA,NA,NA,NA,NA,NA,NA,NA,NA,NA,NA
"74","XuCRbgCUrOUtTGK","å‡ºå”®äº§å“ï¼šå››ä»¶å¥—ï¼ˆèº«ä»½è¯    é“¶è¡Œå¡    æ‰‹æœºå·    ç½‘é“¶Uç›¾)
qq2379663727    å¾®ä¿¡langzhu147
 #åŠ æ‹¿å¤§ #åŠ æ‹¿å¤§å±…æ°‘ #åœ°éœ‡ #å¤§åœ° #å¤§åœ°éœ‡ #æ‰‹æœº #æ¸©å“¥å #è­¦æŠ¥ #è­¦æŠ¥ç³»ç»Ÿ https://t.co/NCrVe0wMpZ","zh","éƒ¨åˆ†","New York, NY","","en",NA,NA,NA,NA,NA,NA,NA,NA,NA,NA,NA,NA,NA,NA,NA,NA,NA,NA,NA,NA,NA,NA,NA,NA,NA,NA,NA,NA,NA,NA,NA,NA,NA,NA,NA,NA,NA,NA,NA,NA,NA,NA,NA,NA,NA,NA,NA,NA,NA,NA,NA,NA,NA,NA,NA,NA,NA,NA,NA,NA,NA,NA,NA,NA
"75","XuCRbgCUrOUtTGK","å‡ºå”®äº§å“ï¼šå››ä»¶å¥—ï¼ˆèº«ä»½è¯    é“¶è¡Œå¡    æ‰‹æœºå·    ç½‘é“¶Uç›¾)
qq2379663727    å¾®ä¿¡langzhu147
 #åŠ æ‹¿å¤§ #åŠ æ‹¿å¤§å±…æ°‘ #åœ°éœ‡ #å¤§åœ° #å¤§åœ°éœ‡ #æ‰‹æœº #æ¸©å“¥å #è­¦æŠ¥ #è­¦æŠ¥ç³»ç»Ÿ https://t.co/NCrVe0wMpZ","zh","éƒ¨åˆ†","New York, NY","","en",NA,NA,NA,NA,NA,NA,NA,NA,NA,NA,NA,NA,NA,NA,NA,NA,NA,NA,NA,NA,NA,NA,NA,NA,NA,NA,NA,NA,NA,NA,NA,NA,NA,NA,NA,NA,NA,NA,NA,NA,NA,NA,NA,NA,NA,NA,NA,NA,NA,NA,NA,NA,NA,NA,NA,NA,NA,NA,NA,NA,NA,NA,NA,NA
"76","Snc_ibn_NNC","@kapsology @HemadriRavi @kafkaaz Gaye ki Kripa vigyaan maane na maane par BJPee ki kripa aap logo hai , yeh saara zamana maanta hai","hi","ğ““ğ“» ğ“¢ ğ“ ğ“’ğ“±ğ“ªğ“¾ğ“±ğ“ªğ“·","New York, NY","Family first. Son, father, husband & brother. Semper Fidelis. Words have consequences. Doctor by education &Options trader for the love of it. Hate Margin Calls","en",NA,NA,NA,NA,NA,NA,NA,NA,NA,NA,NA,NA,NA,NA,NA,NA,NA,NA,NA,NA,NA,NA,NA,NA,NA,NA,NA,NA,NA,NA,NA,NA,NA,NA,NA,NA,NA,NA,NA,NA,NA,NA,NA,NA,NA,NA,NA,NA,NA,NA,NA,NA,NA,NA,NA,NA,NA,NA,NA,NA,NA,NA,NA,NA
"77","MustafaSKarim","KloppğŸ‘ŠğŸ½ğŸ˜‚ https://t.co/vRasZjR8Cj","sv","Mustafa Karim","Manhattan, NY","You're not a star until they can spell your name in Karachi - Humphrey Bogart","en",NA,NA,NA,NA,NA,NA,NA,NA,NA,NA,NA,NA,NA,NA,NA,NA,NA,NA,NA,NA,NA,NA,NA,NA,NA,NA,NA,NA,NA,NA,NA,NA,NA,NA,NA,NA,NA,NA,NA,NA,NA,NA,NA,NA,NA,NA,NA,NA,NA,NA,NA,NA,NA,NA,NA,NA,NA,NA,NA,NA,NA,NA,NA,NA
"78","Cemmyy","FREE BIRD - lynyrd skynyrd https://t.co/WzfBLLM0pN","fi","Emily Egan","New York, NY","i'm always thinking about my dog","en",NA,NA,NA,NA,NA,NA,NA,NA,NA,NA,NA,NA,NA,NA,NA,NA,NA,NA,NA,NA,NA,NA,NA,NA,NA,NA,NA,NA,NA,NA,NA,NA,NA,NA,NA,NA,NA,NA,NA,NA,NA,NA,NA,NA,NA,NA,NA,NA,NA,NA,NA,NA,NA,NA,NA,NA,NA,NA,NA,NA,NA,NA,NA,NA
"79","oski5588","dgasgasg","da","MichealOski5588","Staten Island, NY","","en",NA,NA,NA,NA,NA,NA,NA,NA,NA,NA,NA,NA,NA,NA,NA,NA,NA,NA,NA,NA,NA,NA,NA,NA,NA,NA,NA,NA,NA,NA,NA,NA,NA,NA,NA,NA,NA,NA,NA,NA,NA,NA,NA,NA,NA,NA,NA,NA,NA,NA,NA,NA,NA,NA,NA,NA,NA,NA,NA,NA,NA,NA,NA,NA
"80","DsayoriD","@dramaturgizm Przez przypadek zasnÄ™Å‚am i siÄ™ budzÄ™ i pierwsze co widzÄ™ to Å¼e idziemy do szkoÅ‚y co to za bezsens halo","pl","ğŸŒğŸŸ | Vikvaniv","New York, USA","|Fate somehow brings me hope
inside my heart | 

ğŸŒğŸŸ","pl",NA,NA,NA,NA,NA,NA,NA,NA,NA,NA,NA,NA,NA,NA,NA,NA,NA,NA,NA,NA,NA,NA,NA,NA,NA,NA,NA,NA,NA,NA,NA,NA,NA,NA,NA,NA,NA,NA,NA,NA,NA,NA,NA,NA,NA,NA,NA,NA,NA,NA,NA,NA,NA,NA,NA,NA,NA,NA,NA,NA,NA,NA,NA,NA
"81","sheykhpinok","@Bertrand_Gholi Ú†Ù‡ Ù†Ø§ÛŒØ³Ù‡ :))","fa","Ø´ÛŒØ® Ù¾Ù†ÙˆÚ©ÛŒÙˆ Ø±Ø¨Ø§Øª","New York, NY","ğŸ‡¹ğŸ‡·","en",NA,NA,NA,NA,NA,NA,NA,NA,NA,NA,NA,NA,NA,NA,NA,NA,NA,NA,NA,NA,NA,NA,NA,NA,NA,NA,NA,NA,NA,NA,NA,NA,NA,NA,NA,NA,NA,NA,NA,NA,NA,NA,NA,NA,NA,NA,NA,NA,NA,NA,NA,NA,NA,NA,NA,NA,NA,NA,NA,NA,NA,NA,NA,NA
"82","hanibozorg","@john_shelby21 ØµØ­ÛŒØ­ ğŸ˜","ur","hani","New York, NY","â€â€â€â€â€â€â€ØªØ§Ø±ÛŒØ® Ø±Ø§ Ú†Ø´Ù…Ø§Ù†â€Œ Ù…Ù† Ù…ÛŒØ³Ø§Ø²Ø¯Ø›Ø§Ù†Ø¯Ú©ÛŒ Ø¨Ø±Ø¯Ù‡ Ø¢Ø²Ø§Ø¯ÛŒ Ø§Ù…;Ø§Ù†Ø¯Ú©ÛŒ Ù‡Ù… Ù…ÛŒÙ†ÙˆÛŒØ³Ù….Ø§Ù†Ø¯Ú©ÛŒ Ø´Ø¹Ø± Ù…ÛŒÚ¯Ù….Ø§Ù†Ø¯Ú©ÛŒ Ø¹Ø§Ø´Ù‚ ÙˆÛŒØ§Ù„ÙˆÙ† Ù‡Ø³ØªÙ….ÙˆØ§ÛŒÙ† ØªÙ…Ø§Ù… ØªØ¹Ø±ÛŒÙ Ù…Ù† Ø§Ø³Øª","en",NA,NA,NA,NA,NA,NA,NA,NA,NA,NA,NA,NA,NA,NA,NA,NA,NA,NA,NA,NA,NA,NA,NA,NA,NA,NA,NA,NA,NA,NA,NA,NA,NA,NA,NA,NA,NA,NA,NA,NA,NA,NA,NA,NA,NA,NA,NA,NA,NA,NA,NA,NA,NA,NA,NA,NA,NA,NA,NA,NA,NA,NA,NA,NA
"83","Milinsworld","à¹€à¸¡à¸·à¹ˆà¸­à¸šà¸­à¸à¸Šà¹ˆà¸²à¸‡à¸§à¹ˆà¸² à¹€à¸­à¸²à¸à¸¥à¸¡à¹†à¹„à¸¡à¹ˆà¸ªà¸±à¹‰à¸™à¸¡à¸²à¸à¸™à¸°à¸„à¸° #à¸­à¸§à¸ªà¸²à¸£à¸ªà¸à¹‡à¸­à¸•à¸—à¸´à¸Šà¹‚à¸Ÿà¸¥à¸”à¹Œ #à¹à¸¡à¹ˆà¸œà¸´à¸”à¹„à¸›à¹à¸¥à¹‰à¸§ https://t.co/ZnaU6EvP55","th","Ava","New York, NY","à¸šà¹‰à¸²à¸™à¹€à¸¥à¹‡à¸à¹ƒà¸™à¸›à¹ˆà¸²à¹ƒà¸«à¸à¹ˆ","en",NA,NA,NA,NA,NA,NA,NA,NA,NA,NA,NA,NA,NA,NA,NA,NA,NA,NA,NA,NA,NA,NA,NA,NA,NA,NA,NA,NA,NA,NA,NA,NA,NA,NA,NA,NA,NA,NA,NA,NA,NA,NA,NA,NA,NA,NA,NA,NA,NA,NA,NA,NA,NA,NA,NA,NA,NA,NA,NA,NA,NA,NA,NA,NA
"84","MonkTamony","Electric

#nyc #losangeles #band https://t.co/iKW0At24SA","ca","MonkTamony","New York, NY","Q Magazine track of the day https://t.co/fBIeYcpYOG Limited edition white vinyl of debut EP now available at @roughtradenyc","en",NA,NA,NA,NA,NA,NA,NA,NA,NA,NA,NA,NA,NA,NA,NA,NA,NA,NA,NA,NA,NA,NA,NA,NA,NA,NA,NA,NA,NA,NA,NA,NA,NA,NA,NA,NA,NA,NA,NA,NA,NA,NA,NA,NA,NA,NA,NA,NA,NA,NA,NA,NA,NA,NA,NA,NA,NA,NA,NA,NA,NA,NA,NA,NA
"85","Donutella92","@VPetsopoulos Î Î¿Î¹Î¿Ï‚ Ï€ÎµÏÎ¹Ï€Ï„ÎµÏÎ¬Ï‚ Î´Î¯Î½ÎµÎ¹ Ï„Î¶Î±Î¼Ï€Îµ Ï„ÏƒÎ¹Ï‡Î»ÎµÏ‚? ğŸ˜¨","el","joan","New york","Ciao adios i'm done","el",NA,NA,NA,NA,NA,NA,NA,NA,NA,NA,NA,NA,NA,NA,NA,NA,NA,NA,NA,NA,NA,NA,NA,NA,NA,NA,NA,NA,NA,NA,NA,NA,NA,NA,NA,NA,NA,NA,NA,NA,NA,NA,NA,NA,NA,NA,NA,NA,NA,NA,NA,NA,NA,NA,NA,NA,NA,NA,NA,NA,NA,NA,NA,NA
"86","X_JR__","@Denzel_Success @Marcusgotfans Man listen https://t.co/RSiJfKxLW5","eu","MJD ğŸ•Š","New York, USA","IG: Same as Twitter 



... Harlem is my heartğŸ™
|BCU| Progressive Black Men Inc.ğŸ”‹|
Î¦Î’Î£ğŸ¤˜ğŸ¾","en",NA,NA,NA,NA,NA,NA,NA,NA,NA,NA,NA,NA,NA,NA,NA,NA,NA,NA,NA,NA,NA,NA,NA,NA,NA,NA,NA,NA,NA,NA,NA,NA,NA,NA,NA,NA,NA,NA,NA,NA,NA,NA,NA,NA,NA,NA,NA,NA,NA,NA,NA,NA,NA,NA,NA,NA,NA,NA,NA,NA,NA,NA,NA,NA
"87","mrolamideraheem","@benkelly_10 Zaha","cs","RAHEEM","Staten Island, NY","chelsea fan from New York","en","Staten Island","Staten Island, NY","city","United States","US",NA,NA,NA,NA,NA,NA,NA,NA,NA,NA,NA,NA,NA,NA,NA,NA,NA,NA,NA,NA,NA,NA,NA,NA,NA,NA,NA,NA,NA,NA,NA,NA,NA,NA,NA,NA,NA,NA,NA,NA,NA,NA,NA,NA,NA,NA,NA,NA,NA,NA,NA,NA,NA,NA,NA,NA,NA,NA,NA
"88","gemmachanstan","@doncheadlefan1 gjfsdngodsngfdsoa im dying PLEASE DO","ro","haley","New York, NY","Florida girl in NYC. Known lover of turtles, nachos, and crying too hard at movies. I love Gemma Chan.","en",NA,NA,NA,NA,NA,NA,NA,NA,NA,NA,NA,NA,NA,NA,NA,NA,NA,NA,NA,NA,NA,NA,NA,NA,NA,NA,NA,NA,NA,NA,NA,NA,NA,NA,NA,NA,NA,NA,NA,NA,NA,NA,NA,NA,NA,NA,NA,NA,NA,NA,NA,NA,NA,NA,NA,NA,NA,NA,NA,NA,NA,NA,NA,NA
"89","bedini_i","@revrrlewis I mean like it's like worse than like that WholeFoodsCost thing that Germany had.","en","I. M. Bedini","New York, NY","â€œOh cara mia, you make a big mistake. I am no man, I am Bedini!â€","en",NA,NA,NA,NA,NA,NA,NA,NA,NA,NA,NA,NA,NA,NA,NA,NA,NA,NA,NA,NA,NA,NA,NA,NA,NA,NA,NA,NA,NA,NA,NA,NA,NA,NA,NA,NA,NA,NA,NA,NA,NA,NA,NA,NA,NA,NA,NA,NA,NA,NA,NA,NA,NA,NA,NA,NA,NA,NA,NA,NA,NA,NA,NA,NA
"90","stainedstains","All settled in for the next fourteen hours as we make our way from HÃ  Ná»™i to ÄÃ  Náºµng on our overnight train. ğŸš‚ğŸš‚ğŸš‚ https://t.co/aiLZYAOCT1","vi","hentaichrist","nyc","fuck ur masculinity #blacklivesmatter #translivesmatter #muslimlivesmatter","en",NA,NA,NA,NA,NA,NA,NA,NA,NA,NA,NA,NA,NA,NA,NA,NA,NA,NA,NA,NA,NA,NA,NA,NA,NA,NA,NA,NA,NA,NA,NA,NA,NA,NA,NA,NA,NA,NA,NA,NA,NA,NA,NA,NA,NA,NA,NA,NA,NA,NA,NA,NA,NA,NA,NA,NA,NA,NA,NA,NA,NA,NA,NA,NA
"91","NayebAli","à¦¶à§à¦°à§€à¦²à¦™à§à¦•à¦¾à¦¯à¦¼ à¦¸à¦¨à§à¦¤à§à¦°à¦¾à¦¸à§€ à¦¹à¦¾à¦®à¦²à¦¾à¦¯à¦¼ à¦ªà§à¦°à¦¾à¦¯à¦¼ à§©à§«à§¦à¦œà¦¨ à¦¨à¦¿à¦¹à¦¤à¥¤ à¦®à§à¦¸à¦²à¦®à¦¾à¦¨à§‡à¦°à¦¾ à¦šà§à¦ª à¦•à§‡à¦¨? https://t.co/DXsRa7SdwY","bn","Abu Saleh Nayeb Ali","Brooklyn, New York","","en",NA,NA,NA,NA,NA,NA,NA,NA,NA,NA,NA,NA,NA,NA,NA,NA,NA,NA,NA,NA,NA,NA,NA,NA,NA,NA,NA,NA,NA,NA,NA,NA,NA,NA,NA,NA,NA,NA,NA,NA,NA,NA,NA,NA,NA,NA,NA,NA,NA,NA,NA,NA,NA,NA,NA,NA,NA,NA,NA,NA,NA,NA,NA,NA
"92","RVMarkov","Ğ‘Ğ¸Ğ²ÑˆĞ¸ÑÑ‚ Ğ·Ğ°Ğ¼.-Ğ¼Ğ¸Ğ½Ğ¸ÑÑ‚ÑŠÑ€ Ğ½Ğ° Ğ¸ĞºĞ¾Ğ½Ğ¾Ğ¼Ğ¸ĞºĞ°Ñ‚Ğ° ĞĞ»ĞµĞºÑĞ°Ğ½Ğ´ÑŠÑ€ ĞœĞ°Ğ½Ğ¾Ğ»ĞµĞ² Ğµ Ğ¾Ğ±Ğ²Ğ¸Ğ½ĞµĞ½ Ğ² Ğ¿Ñ€ĞµÑÑ‚ÑŠĞ¿Ğ»ĞµĞ½Ğ¸Ğµ https://t.co/Qt1cBlFOrT","bg","R V Markov","nyc","Ğ‘Ğ¢Ğ  (Ğ‘ĞªĞ›Ğ“ĞĞ Ğ˜Ğ¯ ĞĞ Ğ¢Ğ Ğ£Ğ”Ğ Ğ˜ Ğ ĞĞ—Ğ£ĞœĞ)","en",NA,NA,NA,NA,NA,NA,NA,NA,NA,NA,NA,NA,NA,NA,NA,NA,NA,NA,NA,NA,NA,NA,NA,NA,NA,NA,NA,NA,NA,NA,NA,NA,NA,NA,NA,NA,NA,NA,NA,NA,NA,NA,NA,NA,NA,NA,NA,NA,NA,NA,NA,NA,NA,NA,NA,NA,NA,NA,NA,NA,NA,NA,NA,NA
"93","ortographia","ĞŸĞ° Ğ´Ğ¾Ğ±Ñ€Ğ¾, 7ĞºĞ¼ Ğ½Ğµ Ğµ Ğ»Ğ¾ÑˆĞ¾ Ğ·Ğ° Ğ¾Ğ´ ÑĞ°Ğ±Ğ°Ñ˜Ğ»Ğµ

#Ğ¸Ğ´ĞµĞ¼ĞµĞ½Ğ°20Ñ‡ĞµĞ·Ğ°Ğ´ĞµĞ½ĞµÑ","sr","ĞœĞ°Ñ€ĞºĞ¾","world citizen","multipotentialite.","en","Brooklyn","Brooklyn, NY","city","United States","US",NA,NA,NA,NA,NA,NA,NA,NA,NA,NA,NA,NA,NA,NA,NA,NA,NA,NA,NA,NA,NA,NA,NA,NA,NA,NA,NA,NA,NA,NA,NA,NA,NA,NA,NA,NA,NA,NA,NA,NA,NA,NA,NA,NA,NA,NA,NA,NA,NA,NA,NA,NA,NA,NA,NA,NA,NA,NA,NA
"94","patelkush588","@aditiraval 
àª¸àª®àªœàª£ àªªàª£ àª›à«‡ àª…àª¨à«‡ àª¶àª•à«àª¤àª¿ àªªàª£ àª›à«‡
àª¤à« àª…àª¨à«‡ àª¤àª¾àª°à«€ àªµàª¾àª¤à«‹ àª•àª°àªµàª¾àª° àªµà«àª¯àª•à«àª¤àª¿ àª¨àª¥à«€. 

#TuAneTariVaato","gu","Kush Patel","New York, USA","","en",NA,NA,NA,NA,NA,NA,NA,NA,NA,NA,NA,NA,NA,NA,NA,NA,NA,NA,NA,NA,NA,NA,NA,NA,NA,NA,NA,NA,NA,NA,NA,NA,NA,NA,NA,NA,NA,NA,NA,NA,NA,NA,NA,NA,NA,NA,NA,NA,NA,NA,NA,NA,NA,NA,NA,NA,NA,NA,NA,NA,NA,NA,NA,NA
"95","weslata","@chapizy_tamrat @AbaaBoraa á‰ áŒ£áˆ.. áŠ¥áŠ•á‹²áˆ… á‹¨áˆšá‹«áˆµá‰€áŠ“ á‰£áˆ•áˆ á‹­á‹˜áˆ… á‹ˆáŒ£á‰±áŠ• á‹­áˆ„áŠ• áŠ¨áˆ›áˆµá‰°áˆ›áˆ­ á‹­áˆá‰… á‹¨áˆ—áˆ‹ á‰³áˆªáŠ­ áˆ‹á‹­ áˆ™áŒ­áŒ­ áˆ›áˆˆá‰µ áŠ áŒá‰£á‰¥ áŠ á‹­á‹°áˆˆáˆ","am","G Y","NYC","Muslim.Abyssinian. Socialist. Anti-Capitalist. Anti-Fascist","en",NA,NA,NA,NA,NA,NA,NA,NA,NA,NA,NA,NA,NA,NA,NA,NA,NA,NA,NA,NA,NA,NA,NA,NA,NA,NA,NA,NA,NA,NA,NA,NA,NA,NA,NA,NA,NA,NA,NA,NA,NA,NA,NA,NA,NA,NA,NA,NA,NA,NA,NA,NA,NA,NA,NA,NA,NA,NA,NA,NA,NA,NA,NA,NA
"96","2PdoMato","@cariellogabi Brota ..","is","2PğŸˆ","Brooklyn, NY","Saudades Riquinho â¤ğŸ˜‡","pt",NA,NA,NA,NA,NA,NA,NA,NA,NA,NA,NA,NA,NA,NA,NA,NA,NA,NA,NA,NA,NA,NA,NA,NA,NA,NA,NA,NA,NA,NA,NA,NA,NA,NA,NA,NA,NA,NA,NA,NA,NA,NA,NA,NA,NA,NA,NA,NA,NA,NA,NA,NA,NA,NA,NA,NA,NA,NA,NA,NA,NA,NA,NA,NA
"97","widhyarthi","Ù‚ÙˆÙ…Ù¾Ø±Ø³Øª ...

ÚŒØ±ØªÙŠ  Ø¬ÙŠ Ù…ÚªÙ…Ù„ Ø¢Ø²Ø§Ø¯ Ø­ÙŠØ«ÙŠØª  Ø¬ÙŠ Ú¯Ù‡Ø± ÚªÙ†Ø¯Ú™ ØŒÙ¾Ù†Ù‡Ù†Ø¬ÙŠ Ù…Ù½ÙŠ Ù…Ø§Ø¡ Ú©ÙŠ  Ø³Ú€ Ú©Ø§Ù† Ù…Ù¿Ø§Ù‡ÙˆÙ† Ø±ØªØ¨Ùˆ  ÚÙŠÙ†Ø¯Ú™ ØŒ Ù¾Ù†Ù‡Ù†Ø¬ÙŠ ØªØ§Ø±ÙŠØ® ØªÙŠ ÙØ®Ø± ÚªÙ†Ø¯Ú™ ØŒ Ù¾Ù†Ù‡Ù†Ø¬ÙŠ Ø±ÙŠØªÙ† Ø±Ø³Ù…Ù† / Ø«Ù‚Ø§ÙØª Ú©ÙŠ Ø§ÙˆÙ„ Û½ Ø¢Ø®Ø± Ø³ÚÙŠÙ†Ø¯Ú™ ØŒ Ù¾Ù†Ù‡Ù†Ø¬ÙŠ Ù‚ÙˆÙ… Ø¬ÙŠ ÚÚ© Ø³Ú© Û¾ Ø§Ù†Ù‡Ù† Ø³Ø§Ù†  Ú¯Ú Ø¨ÙŠÙ‡Ù†Ø¯Ú™ ØŒ ÚŒØ±ØªÙŠ Ø¬ÙŠ Ø¯Ø´Ù…Ù†Ù† ØŒ  Ù‚ÙˆÙ… Ú©ÙŠ ØºÙ„Ø§Ù… Ø¨Ú»Ø§Ø¦ÙŠÙ†Ø¯Ú™Ù† Ú©ÙŠ Ù¾Ù†Ù‡Ù†Ø¬Ùˆ Ø¯Ø´Ù…Ù† Ø³Ù…Ø¬Ù‡Ù†Ø¯Ú™. https://t.co/bxqC4cNCd3","sd","Zafar Widhyarthi","New York, NY","Organizer @jsmm_sindh USA Chapter, Writer.","en",NA,NA,NA,NA,NA,NA,NA,NA,NA,NA,NA,NA,NA,NA,NA,NA,NA,NA,NA,NA,NA,NA,NA,NA,NA,NA,NA,NA,NA,NA,NA,NA,NA,NA,NA,NA,NA,NA,NA,NA,NA,NA,NA,NA,NA,NA,NA,NA,NA,NA,NA,NA,NA,NA,NA,NA,NA,NA,NA,NA,NA,NA,NA,NA
"98","kengtung","Myanmar Celebrity News : á€á€ºá€™á€¹á€¸á€±á€»á€™á€·á€±á€™á€¬á€„á€¹á€á€ºá€­á€³á€€á€­á€¯ á€™á€½á€á€¹á€á€ºá€€á€¹á€±á€•á€¸á€œá€­á€¯á€€á€¹á€á€²á€· á€‚á€®á€á€‚á€¯á€›á€¯á¾... https://t.co/BtBqu3Y3CR","my","keng tong","New York, USA","https://t.co/iM84ufnONX","en",NA,NA,NA,NA,NA,NA,NA,NA,NA,NA,NA,NA,NA,NA,NA,NA,NA,NA,NA,NA,NA,NA,NA,NA,NA,NA,NA,NA,NA,NA,NA,NA,NA,NA,NA,NA,NA,NA,NA,NA,NA,NA,NA,NA,NA,NA,NA,NA,NA,NA,NA,NA,NA,NA,NA,NA,NA,NA,NA,NA,NA,NA,NA,NA
"99","HacKrisH","à¶´à·–à¶¢à·’à¶­à·Š à¶¢à¶ºà·ƒà·”à¶±à·Šà¶¯à¶» à¶­à·€à¶¸à¶­à·Š à¶´à·œà¶½à·’à·ƒà·Šà¶´à¶­à·’à¶º.

à·„à·šà¶¸à·ƒà·’à¶»à·’ à¶´à·Šâ€à¶»à¶±à·à¶±à·Šà¶¯à·” à¶­à·€à¶¸à¶­à·Š à¶†à¶»à¶šà·Šà·‚à¶š
à¶½à·šà¶šà¶¸à·Šâ€ à¶º

à¶»à·”à·€à¶±à·Š à·€à·’à¶¢à·šà·€à¶»à·Šà¶°à¶± à¶­à·€à¶¸à¶­à·Š à¶†à¶»à¶šà·Šà·‚à¶š à¶‡à¶¸à¶­à·’à¶º.

à¶»à¶±à·’à¶½à·Š à·€à·’à¶šà·Šâ€à¶»à¶¸à·ƒà·’à¶‚à·„ à¶­à·€à¶¸à¶­à·Š à¶…à¶œà¶¸à·à¶­à·’à¶º.

à¶¸à·›à¶­à·Šâ€à¶»à·“à¶´à·à¶½ à·ƒà·’à¶»à·’à·ƒà·šà¶± à¶­à·€à¶¸à¶­à·Š à¶¢à¶±à·à¶°à·’à¶´à¶­à·’à¶º.

à¶­à·€à·”à·„à·’à¶¯à·Š à¶¢à¶¸à·à¶­à·Š à¶­à·€à¶¸à¶­à·Š à¶­à·„à¶±à¶¸à·Š... https://t.co/p2Poeodnl7","si","-HacKrisH-","USA, New York","â€œWe are Anonymous. We are Legion. We do not forgive. We do not forget. Expect us.â€","en",NA,NA,NA,NA,NA,NA,NA,NA,NA,NA,NA,NA,NA,NA,NA,NA,NA,NA,NA,NA,NA,NA,NA,NA,NA,NA,NA,NA,NA,NA,NA,NA,NA,NA,NA,NA,NA,NA,NA,NA,NA,NA,NA,NA,NA,NA,NA,NA,NA,NA,NA,NA,NA,NA,NA,NA,NA,NA,NA,NA,NA,NA,NA,NA
"100","XuCRbgCUrOUtTGK","å‡ºå”®äº§å“ï¼šå››ä»¶å¥—ï¼ˆèº«ä»½è¯    é“¶è¡Œå¡    æ‰‹æœºå·    ç½‘é“¶Uç›¾)
qq2379663727    å¾®ä¿¡langzhu147
 #åŠ æ‹¿å¤§ #åŠ æ‹¿å¤§å±…æ°‘ #åœ°éœ‡ #å¤§åœ° #å¤§åœ°éœ‡ #æ‰‹æœº #æ¸©å“¥å #è­¦æŠ¥ #è­¦æŠ¥ç³»ç»Ÿ https://t.co/NCrVe0wMpZ","zh","éƒ¨åˆ†","New York, NY","","en",NA,NA,NA,NA,NA,NA,NA,NA,NA,NA,NA,NA,NA,NA,NA,NA,NA,NA,NA,NA,NA,NA,NA,NA,NA,NA,NA,NA,NA,NA,NA,NA,NA,NA,NA,NA,NA,NA,NA,NA,NA,NA,NA,NA,NA,NA,NA,NA,NA,NA,NA,NA,NA,NA,NA,NA,NA,NA,NA,NA,NA,NA,NA,NA
"101","Golffpyy_74","àº‚à»‰àº­àºàº¡àº±àº™àºšà»à»ˆà»àº¡à»ˆàº™ à»àº¡àº‡à»„àº¡à»‰  à»€àº¥àºµàºàºšà»à»ˆàº¡àºµàºªàº´àº”à»€àº‚àº»à»‰àº²àº•àº²à»€àºˆàº»à»‰àº² ğŸ¤§","lo","GolFpy_SeVenFouR","New York, USA","à¹€à¸à¹‰à¸­à¹€à¸ˆà¹‰à¸­à¹„à¸›à¹€à¸£à¸·à¹ˆà¸­à¸¢","en",NA,NA,NA,NA,NA,NA,NA,NA,NA,NA,NA,NA,NA,NA,NA,NA,NA,NA,NA,NA,NA,NA,NA,NA,NA,NA,NA,NA,NA,NA,NA,NA,NA,NA,NA,NA,NA,NA,NA,NA,NA,NA,NA,NA,NA,NA,NA,NA,NA,NA,NA,NA,NA,NA,NA,NA,NA,NA,NA,NA,NA,NA,NA,NA
"102","Yacinn_","@xaalxaalokaa ğŸ˜‚ğŸ˜‚ 
Ø¦Ø§Ø®Ø± Ø¯Ø±ÙˆÙˆØ³Û•Ú©Û•ÛŒ Ø¦Û†Ú¤ÛØ±Ø¯Û†Ø²Û• Ù†Û• Ø¦Û†ÙˆÛØ±Ø¯Û†Ø² ğŸ˜","ckb","*YasÃ®n","Manhattan, NY","â€â€â€â€â€â€â€â€â€â€â€â€â€â€â€Ø¢Ù‚Ø§ Ù…Ø§ Ø®Ø³ØªÙ‡â€ŒØ§ÛŒÙ…","en",NA,NA,NA,NA,NA,NA,NA,NA,NA,NA,NA,NA,NA,NA,NA,NA,NA,NA,NA,NA,NA,NA,NA,NA,NA,NA,NA,NA,NA,NA,NA,NA,NA,NA,NA,NA,NA,NA,NA,NA,NA,NA,NA,NA,NA,NA,NA,NA,NA,NA,NA,NA,NA,NA,NA,NA,NA,NA,NA,NA,NA,NA,NA,NA
"103","afrotcha","@vitalis_zvombo Zvikomana zvemazuva ano mtukudzi","lv","Africa Teacher ğŸ¤‘ğŸ‘©â€ğŸ«","Jamaica","there are no permanent friends and enemies in life. So be the best of yourself all the time(s)","en",NA,NA,NA,NA,NA,NA,NA,NA,NA,NA,NA,NA,NA,NA,NA,NA,NA,NA,NA,NA,NA,NA,NA,NA,NA,NA,NA,NA,NA,NA,NA,NA,NA,NA,NA,NA,NA,NA,NA,NA,NA,NA,NA,NA,NA,NA,NA,NA,NA,NA,NA,NA,NA,NA,NA,NA,NA,NA,NA,NA,NA,NA,NA,NA
"104","javellanaveyan","may gusto na naman manligaw wewz","tl","angela","fairview","gig is lyf","en",NA,NA,NA,NA,NA,NA,NA,NA,NA,NA,NA,NA,NA,NA,NA,NA,NA,NA,NA,NA,NA,NA,NA,NA,NA,NA,NA,NA,NA,NA,NA,NA,NA,NA,NA,NA,NA,NA,NA,NA,NA,NA,NA,NA,NA,NA,NA,NA,NA,NA,NA,NA,NA,NA,NA,NA,NA,NA,NA,NA,NA,NA,NA,NA
"105","ismailbegekokko","Ş‡Ş¦Ş‚Ş°Ş‹Ş§ŞŞ§Ş†Ş®ŞŞ°ŞŠŞ¦Ş‡Ş¨ŞˆŞ§ ŞŠŞ¦Ş‡Ş¨Ş‹Ş§ Ş‡Ş¦Ş‹Ş¨ Ş‡Ş¦ŞŒŞªŞ‚Ş° Ş€Ş¦ŞƒŞ¦Ş‹ŞªŞˆŞ¨ŞˆŞ¦ŞƒŞª Ş‰Ş¦ŞŞ¦Ş‡Ş°Ş†Ş¦ŞŒŞ° Ş‚Ş¬ŞŞ¨ ŞŠŞ¦ŞƒŞ§ŞŒŞ¦ŞŞ° Ş‹Ş­Ş‚Ş° Ş–Ş¬Ş€Ş­Ş‚Ş¬Ş†Ş¦Ş‚Ş°."" Ş‰Ş¨ŞŞ®ŞŒŞ¦ŞŞ° Ş‡Ş¬ŞŞ°ŞƒŞ¨Ş‰Ş¬Ş‚Ş°Ş“Ş° Ş†ŞªŞƒŞ¦Ş‚Ş© Ş‰Ş¦ŞŞ¦Ş‡Ş°Ş†Ş¦ŞŒŞªŞŞ¬ ŞŠŞ¦Ş‡Ş¨Ş‹Ş§ ŞŞ¨Ş„Ş­Ş€Ş¨ŞŞ§Ş„ŞªŞ‚Ş° Ş‰Ş¦ŞŞ¦Ş‡Ş°Ş†Ş¦ŞŒŞ° Ş€ŞªŞ‡Ş°Ş“ŞªŞˆŞ§ŞŞ¦ŞŠŞ§Ş‚Ş¬ŞŒŞ©ŞˆŞ¬. 2/2","dv","RS","New York, NY","","en",NA,NA,NA,NA,NA,NA,NA,NA,NA,NA,NA,NA,NA,NA,NA,NA,NA,NA,NA,NA,NA,NA,NA,NA,NA,NA,NA,NA,NA,NA,NA,NA,NA,NA,NA,NA,NA,NA,NA,NA,NA,NA,NA,NA,NA,NA,NA,NA,NA,NA,NA,NA,NA,NA,NA,NA,NA,NA,NA,NA,NA,NA,NA,NA
"106","tupakidotcom","@actor_Nikhil #HeroNikhil #arjunsuravaram #LavanyaTripathi 
à°®à±€ à°¸à°ªà±‹à°°à±à°Ÿà± à°•à°¾à°µà°¾à°²à°¿ à°…à°‚à°Ÿà±à°¨à±à°¨ à°¹à±€à°°à±‹ à°¨à°¿à°–à°¿à°²à± 

Read Here : https://t.co/hZRX9xflop https://t.co/XyARHSbkTE","te","tupaki","New York, USA","24x7 365 Days Live Telugu Political and Movie News and Stories","en",NA,NA,NA,NA,NA,NA,NA,NA,NA,NA,NA,NA,NA,NA,NA,NA,NA,NA,NA,NA,NA,NA,NA,NA,NA,NA,NA,NA,NA,NA,NA,NA,NA,NA,NA,NA,NA,NA,NA,NA,NA,NA,NA,NA,NA,NA,NA,NA,NA,NA,NA,NA,NA,NA,NA,NA,NA,NA,NA,NA,NA,NA,NA,NA
"107","shoobaaa","áƒ¡áƒ˜áƒªáƒáƒªáƒ®áƒšáƒ˜áƒ¡ áƒ›áƒáƒœáƒáƒ¬áƒ˜áƒšáƒ” áƒ áƒáƒ› áƒ®áƒ“áƒ”áƒ‘áƒ˜, áƒ›áƒáƒ’áƒáƒ–áƒ” áƒ›áƒáƒ’áƒáƒ áƒ˜ áƒáƒ áƒáƒ¤áƒ”áƒ áƒ˜áƒ ! â¤ğŸŒ https://t.co/ccdD0QvWy7","ka","Shooba","New York","Singer/songwriter","en",NA,NA,NA,NA,NA,NA,NA,NA,NA,NA,NA,NA,NA,NA,NA,NA,NA,NA,NA,NA,NA,NA,NA,NA,NA,NA,NA,NA,NA,NA,NA,NA,NA,NA,NA,NA,NA,NA,NA,NA,NA,NA,NA,NA,NA,NA,NA,NA,NA,NA,NA,NA,NA,NA,NA,NA,NA,NA,NA,NA,NA,NA,NA,NA
"108","Khempun5","à¤œà¤¿à¤¨à¥à¤¦à¤—à¥€à¤®à¤¾ à¤•à¤¤à¥€ à¤†à¤ à¤•à¤¤à¥€ à¤—à¤ à¤¨à¤¸à¥‹à¤§ ! à¤¬à¤¸à¥à¤¨ à¤®à¤¨ à¤› à¤¬à¤¸ à¤¨à¤¤à¥à¤° à¤œà¤¾à¤‰ à¥¤","ne","Khem pun","New York, NY","Singer, music composer","en",NA,NA,NA,NA,NA,NA,NA,NA,NA,NA,NA,NA,NA,NA,NA,NA,NA,NA,NA,NA,NA,NA,NA,NA,NA,NA,NA,NA,NA,NA,NA,NA,NA,NA,NA,NA,NA,NA,NA,NA,NA,NA,NA,NA,NA,NA,NA,NA,NA,NA,NA,NA,NA,NA,NA,NA,NA,NA,NA,NA,NA,NA,NA,NA
"109","TibetHero1959","à½€à½´à½“à¼‹à½‚à½Ÿà½²à½‚à½¦à¼‹à½”à½à¼‹à½†à½ºà½“à¼‹à½‘à½‚à½ºà¼‹à½ à½‘à½´à½“à¼‹à½†à½¼à½¦à¼‹à½€à¾±à½²à¼‹à½‰à½²à¼‹à½˜à¼‹à½˜à½†à½¼à½‚à¼‹à½‘à½‚à½´à½„à¼‹à½‚à¾²à½„à½¦à¼‹à½¦à½´à½˜à¼‹à½…à½´à½¢à¼‹à½–à½à½ºà½¦à¼‹à½”à½ à½²à¼‹à½¢à½²à¼‹à½˜à½¼à½ à½²à¼‹à½¦à¾à½´à¼‹à½”à½¢à¼‹à½à½£à¼‹à½•à¾±à½ºà¼ https://t.co/YQaznCZOJG","bo","à½£à¾·à½‚à¼‹à½–à½¦à½˜à¼‹à½¢à¾£à½˜à¼‹à½‘à½‚à¼","New York, NY","stanislav","zh-cn",NA,NA,NA,NA,NA,NA,NA,NA,NA,NA,NA,NA,NA,NA,NA,NA,NA,NA,NA,NA,NA,NA,NA,NA,NA,NA,NA,NA,NA,NA,NA,NA,NA,NA,NA,NA,NA,NA,NA,NA,NA,NA,NA,NA,NA,NA,NA,NA,NA,NA,NA,NA,NA,NA,NA,NA,NA,NA,NA,NA,NA,NA,NA,NA
"110","lightandlife777","à¬¯à¬¿à¬¶à¬¾à¬‡à­Ÿ
à¬­à¬¬à¬¿à¬·à­à­Ÿâ€Œà¬¦à­â€Œà¬¬à¬•à­à¬¤à¬¾à¬™à­à¬•à¬°
à¬ªà­à¬¸à­à¬¤à¬•
41:10 Â Oriya Bible:Â 

10Â à¬¤à­à¬®à­à¬­à­‡ à¬­à­Ÿ à¬•à¬° à¬¨à¬¾à¬¹à¬¿à¬, à¬•à¬¾à¬°à¬£ à¬†à¬®à­à¬­à­‡ à¬¤à­à¬®à­à¬­ à¬¸à¬™à­à¬—à¬°à­‡ à¬…à¬›à­à¥¤
Â Â Â Â à¬¨à¬¿à¬°à¬¾à¬¶ à¬¹à­à¬… à¬¨à¬¾à¬¹à¬¿à¬, à¬•à¬¾à¬°à¬£ à¬†à¬®à­à¬­à­‡ à¬¤à­à¬®à­à¬­à¬° à¬ªà¬°à¬®à­‡à¬¶à­à­±à¬°à¥¤
à¬†à¬®à­à¬­à­‡
à¬¤à­à¬®à­à¬­à¬•à­
à¬¸à¬¬à¬³
à¬•à¬°à¬¿à¬¬à¬¾,
à¬†à¬®à­à¬­à­‡
à¬¤à­à¬®à­à¬­à¬•à­
à¬¸à¬¾à¬¹à¬¾à¬¯à­à­Ÿ
à¬•à¬°à¬¿à¬¬à¬¾à¥¤
Â Â Â Â à¬ªà­à¬£à¬¿ à¬†à¬®à­à¬­à­‡ à¬†à¬ªà¬£à¬¾ à¬§à¬°à­à¬®à¬¸à­à­±à¬°à­‚à¬ª
à¬¦à¬•à­à¬·à¬¿à¬£
à¬¹à¬¸à­à¬¤à¬°à­‡
à¬¤à­à¬®à­à¬­à¬•à­
à¬§à¬°à¬¿
à¬°à¬–à¬¿à¬¬à¬¾à¥¤","or","Roberto L Quiroga","P.O.Box.541.Bronx NY. 10463   ","Born again 32 years ago, JESUS changed my life completely. I believe everybody has the same opportunity to be washed by the blood of the lamb if you repent.","en","Bronx","Bronx, NY","city","United States","US",NA,NA,NA,NA,NA,NA,NA,NA,NA,NA,NA,NA,NA,NA,NA,NA,NA,NA,NA,NA,NA,NA,NA,NA,NA,NA,NA,NA,NA,NA,NA,NA,NA,NA,NA,NA,NA,NA,NA,NA,NA,NA,NA,NA,NA,NA,NA,NA,NA,NA,NA,NA,NA,NA,NA,NA,NA,NA,NA
"111","mbyala","à¨¸à¨¾à¨ˆà¨‚à¨†à¨‚ à¨•à©€à¨¤à©‡, à¨µà©±à¨§à¨¾à¨ˆà¨†à¨‚ à¨•à©€à¨¤à©‡ à¨…à¨¤à©‡ à¨•à©à©œà¨®à¨¾à¨ˆà¨†à¨‚ à¨•à©€à¨¤à©‡| 

à¨®à¨¾à¨¨à¨¸à¨¾ à¨¤à©‹à¨‚ â€˜à¨†à¨ªâ€™ à¨µà¨¿à¨§à¨¾à¨‡à¨• à¨¨à©‡ à¨¨à¨¾à¨œà¨° à¨¸à¨¿à©°à¨˜ à¨®à¨¾à¨¨à¨¸à¨¼à¨¾à¨¹à©€à¨† à¨•à¨¾à¨‚à¨—à¨°à¨¸ â€™à¨š à¨¸à¨¼à¨¾à¨®à¨¿à¨² à¨¦à¨¿à©±à¨¤à¨¾ à¨µà¨¿à¨§à¨¾à¨¨-à¨¸à¨­à¨¾ à¨¤à©‹à¨‚ à¨…à¨¸à¨¤à©€à¨«à¨¼à¨¾ |","pa","Munish Byalaa à¨®à©à¨¨à©€à¨¶ à¨¬à¨¿à¨†à¨²à¨¾","New York USA","Assi V. President GARV TV Network, CEO Radio 5aab Now, Former TV Host @JusPunjabiTV @HTMedia, Reuters & PTI. Tweets are my voice, RT's not endorsement.","en",NA,NA,NA,NA,NA,NA,NA,NA,NA,NA,NA,NA,NA,NA,NA,NA,NA,NA,NA,NA,NA,NA,NA,NA,NA,NA,NA,NA,NA,NA,NA,NA,NA,NA,NA,NA,NA,NA,NA,NA,NA,NA,NA,NA,NA,NA,NA,NA,NA,NA,NA,NA,NA,NA,NA,NA,NA,NA,NA,NA,NA,NA,NA,NA
"112","jnyce","@adriana72594970 @STAYONTARGET85 @DisneyFoodBlog Lmao","ht","John Rios","Bayonne, NJ","","en",NA,NA,NA,NA,NA,NA,NA,NA,NA,NA,NA,NA,NA,NA,NA,NA,NA,NA,NA,NA,NA,NA,NA,NA,NA,NA,NA,NA,NA,NA,NA,NA,NA,NA,NA,NA,NA,NA,NA,NA,NA,NA,NA,NA,NA,NA,NA,NA,NA,NA,NA,NA,NA,NA,NA,NA,NA,NA,NA,NA,NA,NA,NA,NA
"113","haroonlughmani","Ø¹Ù„ÛŒ Ø§Ú©Ø¨Ø±Ù‡ ØªØ§ Ø®Ùˆ ÙˆÛ’ Ú†Ù‡ ÙˆÙØ§Ø¯Ø§Ø± Ø¯Û’
Ù¾Ù‡ Ø²Ú“Ú«ÛŒ Ø²Ø®Ù…ÙˆÙ†Ù‡ ÙˆØ§Ù‡ÛŒÙ‡ Ú…Ù†Ú«Ù‡ Ø¯ÛŒ
Ø¹Ù„ÛŒ Ø§Ú©Ø¨Ø± Ø®Ø§Ù† Ø§ÛŒÚ‰ÙˆÙˆÚ©ÛŒÙ¼ Ø´ÛŒÙ† Ø¨Ø§Øº","ps","Haroon Lughmani","New York, NY","","en",NA,NA,NA,NA,NA,NA,NA,NA,NA,NA,NA,NA,NA,NA,NA,NA,NA,NA,NA,NA,NA,NA,NA,NA,NA,NA,NA,NA,NA,NA,NA,NA,NA,NA,NA,NA,NA,NA,NA,NA,NA,NA,NA,NA,NA,NA,NA,NA,NA,NA,NA,NA,NA,NA,NA,NA,NA,NA,NA,NA,NA,NA,NA,NA
"114","LuLuRoche","@questar1959_ron @HaikuDiva @catstarkwriter @_HEX_13 @carolyn_from @TinaMarie_80s @ivery5000 gorgeous! hi Ron!â˜ºï¸","cy","LuLu boom boom Roche","NYC","human being, actress, retired fashion stylist and set designer, decorator of historic properties, god mom","en",NA,NA,NA,NA,NA,NA,NA,NA,NA,NA,NA,NA,NA,NA,NA,NA,NA,NA,NA,NA,NA,NA,NA,NA,NA,NA,NA,NA,NA,NA,NA,NA,NA,NA,NA,NA,NA,NA,NA,NA,NA,NA,NA,NA,NA,NA,NA,NA,NA,NA,NA,NA,NA,NA,NA,NA,NA,NA,NA,NA,NA,NA,NA,NA
"115","NitaTere","Ahhhhhhhh! Ahhhhhhh!: estoy viendo Avengers End Game","fr","Nita Tere","La Paz - Bolivia","ğŸ˜Š","es",NA,NA,NA,NA,NA,NA,NA,NA,NA,NA,NA,NA,NA,NA,NA,NA,NA,NA,NA,NA,NA,NA,NA,NA,NA,NA,NA,NA,NA,NA,NA,NA,NA,NA,NA,NA,NA,NA,NA,NA,NA,NA,NA,NA,NA,NA,NA,NA,NA,NA,NA,NA,NA,NA,NA,NA,NA,NA,NA,NA,NA,NA,NA,NA
"116","emiliowilde","My Tweeted Times https://t.co/WN28nBSyRI - top stories by @CNNSitRoom","en","Emilio IbaÃ±ez Wilde","La Paz, BOLIVIA","I'm Mechanical Engineer but actually work as IT Engineer at my own Company.","en",NA,NA,NA,NA,NA,NA,NA,NA,NA,NA,NA,NA,NA,NA,NA,NA,NA,NA,NA,NA,NA,NA,NA,NA,NA,NA,NA,NA,NA,NA,NA,NA,NA,NA,NA,NA,NA,NA,NA,NA,NA,NA,NA,NA,NA,NA,NA,NA,NA,NA,NA,NA,NA,NA,NA,NA,NA,NA,NA,NA,NA,NA,NA,NA
"117","Gerilalala","Ø®Ù„ÙŠØ¬ÙŠØ© Ø¨ÙŠØ¶Ø© ØªØªÙ†Ø§Ùƒ ÙˆÙ‡ÙŠ Ø¹Ù„ÙŠ Ø§Ù„Ø³Ø±ÙŠØ± ÙˆØªÙ‚ÙˆÙ„ Ù†ÙŠÙƒÙ†ÙŠ Ø¨Ø´ÙˆÙŠØ´: https://t.co/XwURpWGTV2

Ù…Ù…Ø­ÙˆÙ†Ù‡
Ø³Ø­Ø§Ù‚ÙŠØ§Øª
Ù†ÙŠØ¬
Ø®Ù„ÙÙŠ
Ø§ÙÙ„Ø§Ù… Ø³ÙƒØ³
ouL0
25 Ø¥Ø¨Ø±ÙŠÙ„ 2019","ar","Geraldine Rodriguez","La Paz-Bolivia","blaaah blah!!","es",NA,NA,NA,NA,NA,NA,NA,NA,NA,NA,NA,NA,NA,NA,NA,NA,NA,NA,NA,NA,NA,NA,NA,NA,NA,NA,NA,NA,NA,NA,NA,NA,NA,NA,NA,NA,NA,NA,NA,NA,NA,NA,NA,NA,NA,NA,NA,NA,NA,NA,NA,NA,NA,NA,NA,NA,NA,NA,NA,NA,NA,NA,NA,NA
"118","Aaaaaa00010","@o_n_g_alu ã†ã‚“ã†ã‚“ã†ã‚“ã†ã‚“ã†ã‚“ğŸ™ƒã¾ãŸã€è¦‹ãŸã„ãªâ€¦","ja","ì‚¬ë‘","PASTA","ãã‚“ã†ãŠã‚“ã€‚","ja",NA,NA,NA,NA,NA,NA,NA,NA,NA,NA,NA,NA,NA,NA,NA,NA,NA,NA,NA,NA,NA,NA,NA,NA,NA,NA,NA,NA,NA,NA,NA,NA,NA,NA,NA,NA,NA,NA,NA,NA,NA,NA,NA,NA,NA,NA,NA,NA,NA,NA,NA,NA,NA,NA,NA,NA,NA,NA,NA,NA,NA,NA,NA,NA
"119","NormaPierola","@LetteLop Ahora que dicen @Pol_Boliviana","es","Norma Pierola Valdez","La Paz, Bolivia","Diputada Nacional de #Bolivia por #Cochabamba. Defensora de la #Democracia contra el rÃ©gimen ultraizquierdista socialista nazifascista de #EvoMorales","es",NA,NA,NA,NA,NA,NA,NA,NA,NA,NA,NA,NA,NA,NA,NA,NA,NA,NA,NA,NA,NA,NA,NA,NA,NA,NA,NA,NA,NA,NA,NA,NA,NA,NA,NA,NA,NA,NA,NA,NA,NA,NA,NA,NA,NA,NA,NA,NA,NA,NA,NA,NA,NA,NA,NA,NA,NA,NA,NA,NA,NA,NA,NA,NA
"120","mchlnhd","Leggo abm","de","Michelin","pasta","âœ¨leave a little sparkle wherever you go","en",NA,NA,NA,NA,NA,NA,NA,NA,NA,NA,NA,NA,NA,NA,NA,NA,NA,NA,NA,NA,NA,NA,NA,NA,NA,NA,NA,NA,NA,NA,NA,NA,NA,NA,NA,NA,NA,NA,NA,NA,NA,NA,NA,NA,NA,NA,NA,NA,NA,NA,NA,NA,NA,NA,NA,NA,NA,NA,NA,NA,NA,NA,NA,NA
"121","mariocrespob","@CoronelPakez Â¡Oh coronel, mi coronel!","it","Mario Crespo","La Paz, Bolivia","Si pudo verlos, coronel, no eran apaches. DiplomÃ¡tico. Escribo en @MilenioWeb_","es",NA,NA,NA,NA,NA,NA,NA,NA,NA,NA,NA,NA,NA,NA,NA,NA,NA,NA,NA,NA,NA,NA,NA,NA,NA,NA,NA,NA,NA,NA,NA,NA,NA,NA,NA,NA,NA,NA,NA,NA,NA,NA,NA,NA,NA,NA,NA,NA,NA,NA,NA,NA,NA,NA,NA,NA,NA,NA,NA,NA,NA,NA,NA,NA
"122","Yoriana73671972","Tan bello .....

#BBMAsTopSocial 
BTS
@BTS_twt https://t.co/pz4pNH5JPc","in","Yoriana","La paz bolivia ","Conocer y experimentar ... Son las Ãºnicas formas de hacernos disfrutar la vida ... Tropezar caer y lograr levantarse son parte de vivir","es",NA,NA,NA,NA,NA,NA,NA,NA,NA,NA,NA,NA,NA,NA,NA,NA,NA,NA,NA,NA,NA,NA,NA,NA,NA,NA,NA,NA,NA,NA,NA,NA,NA,NA,NA,NA,NA,NA,NA,NA,NA,NA,NA,NA,NA,NA,NA,NA,NA,NA,NA,NA,NA,NA,NA,NA,NA,NA,NA,NA,NA,NA,NA,NA
"123","BCSur_2015","DÃ¡te un respiro https://t.co/z8DMEbl8Lo https://t.co/5l7I7leBsN","pt","EleccionesBCSur","La Paz","Feed de noticias - Seguimiento del proceso electoral y polÃ­tico en Baja California Sur 2015","es",NA,NA,NA,NA,NA,NA,NA,NA,NA,NA,NA,NA,NA,NA,NA,NA,NA,NA,NA,NA,NA,NA,NA,NA,NA,NA,NA,NA,NA,NA,NA,NA,NA,NA,NA,NA,NA,NA,NA,NA,NA,NA,NA,NA,NA,NA,NA,NA,NA,NA,NA,NA,NA,NA,NA,NA,NA,NA,NA,NA,NA,NA,NA,NA
"124","SmoonSl","@TataQuispe Spoiler alert!!! Tata te ""wrayasss"" ğŸ™„","tr","SmoonS","La Paz, Bolivia","ğŸ¤”ğŸ‘½ğŸ¤–ğŸƒğŸ—£","es",NA,NA,NA,NA,NA,NA,NA,NA,NA,NA,NA,NA,NA,NA,NA,NA,NA,NA,NA,NA,NA,NA,NA,NA,NA,NA,NA,NA,NA,NA,NA,NA,NA,NA,NA,NA,NA,NA,NA,NA,NA,NA,NA,NA,NA,NA,NA,NA,NA,NA,NA,NA,NA,NA,NA,NA,NA,NA,NA,NA,NA,NA,NA,NA
"125","MaximRusBol","@adagamov Ğ”ĞµĞ´? ĞšÑ‚Ğ¾ Ğ±Ñ‹ Ğ³Ğ¾Ğ²Ğ¾Ñ€Ğ¸Ğ» ğŸ¤£","ru","ĞœĞ°ĞºÑĞ¸Ğ¼ Ğ¢Ñ€ÑƒÑ…Ğ¸Ğ»ÑŒĞ¾","La Paz, Bolivia","","ru",NA,NA,NA,NA,NA,NA,NA,NA,NA,NA,NA,NA,NA,NA,NA,NA,NA,NA,NA,NA,NA,NA,NA,NA,NA,NA,NA,NA,NA,NA,NA,NA,NA,NA,NA,NA,NA,NA,NA,NA,NA,NA,NA,NA,NA,NA,NA,NA,NA,NA,NA,NA,NA,NA,NA,NA,NA,NA,NA,NA,NA,NA,NA,NA
"126","lucasgarciaa12","@MaarReinaa Hola Maar","nl","Lucasâ™Š","La Paz ","nunca dejes que alguien te diga que no puedes hacer algo 
snap  luucasgar~
insta  lucasgarciaaa1~","es",NA,NA,NA,NA,NA,NA,NA,NA,NA,NA,NA,NA,NA,NA,NA,NA,NA,NA,NA,NA,NA,NA,NA,NA,NA,NA,NA,NA,NA,NA,NA,NA,NA,NA,NA,NA,NA,NA,NA,NA,NA,NA,NA,NA,NA,NA,NA,NA,NA,NA,NA,NA,NA,NA,NA,NA,NA,NA,NA,NA,NA,NA,NA,NA
"127","Maungot_ordonio","Bukas na pala yun yes","tl","Russâ™¡","PangoğŸ·","Philippians 1:29","en",NA,NA,NA,NA,NA,NA,NA,NA,NA,NA,NA,NA,NA,NA,NA,NA,NA,NA,NA,NA,NA,NA,NA,NA,NA,NA,NA,NA,NA,NA,NA,NA,NA,NA,NA,NA,NA,NA,NA,NA,NA,NA,NA,NA,NA,NA,NA,NA,NA,NA,NA,NA,NA,NA,NA,NA,NA,NA,NA,NA,NA,NA,NA,NA
"128","ceciliasaachz","I love traditional mandarin and I'm very happy to keep learning more every day ğŸ¤“

æˆ‘å–œæ­¡å‚³çµ±çš„æ™®é€šè©±ï¼Œæˆ‘å¾ˆæ¨‚æ„æ¯å¤©ç¹¼çºŒå­¸ç¿’ https://t.co/XFXMJNxZZk","zh","Cecilia Saavedra","La Paz - Bolivia","Comunicadora y periodista de profesiÃ³n,  AMO a los animales, busco rumbos nuevos y un trabajo que me guste hacer, adicta a Bon Jovi, al cafÃ© y a los policiales.","es",NA,NA,NA,NA,NA,NA,NA,NA,NA,NA,NA,NA,NA,NA,NA,NA,NA,NA,NA,NA,NA,NA,NA,NA,NA,NA,NA,NA,NA,NA,NA,NA,NA,NA,NA,NA,NA,NA,NA,NA,NA,NA,NA,NA,NA,NA,NA,NA,NA,NA,NA,NA,NA,NA,NA,NA,NA,NA,NA,NA,NA,NA,NA,NA
"129","ceciliasaachz","I love traditional mandarin and I'm very happy to keep learning more every day ğŸ¤“

æˆ‘å–œæ­¡å‚³çµ±çš„æ™®é€šè©±ï¼Œæˆ‘å¾ˆæ¨‚æ„æ¯å¤©ç¹¼çºŒå­¸ç¿’ https://t.co/XFXMJNxZZk","zh","Cecilia Saavedra","La Paz - Bolivia","Comunicadora y periodista de profesiÃ³n,  AMO a los animales, busco rumbos nuevos y un trabajo que me guste hacer, adicta a Bon Jovi, al cafÃ© y a los policiales.","es",NA,NA,NA,NA,NA,NA,NA,NA,NA,NA,NA,NA,NA,NA,NA,NA,NA,NA,NA,NA,NA,NA,NA,NA,NA,NA,NA,NA,NA,NA,NA,NA,NA,NA,NA,NA,NA,NA,NA,NA,NA,NA,NA,NA,NA,NA,NA,NA,NA,NA,NA,NA,NA,NA,NA,NA,NA,NA,NA,NA,NA,NA,NA,NA
"130","DavidRocabado","Lord Ganesh ji https://t.co/dMa4J8LDZT","hi","David Rocabado","La Paz Bolivia","Venta Impresoras, PCs, Notebooks, Tinta y Toners, Budismo Tibetano, Yoga, Taichi, Meditacion,","es",NA,NA,NA,NA,NA,NA,NA,NA,NA,NA,NA,NA,NA,NA,NA,NA,NA,NA,NA,NA,NA,NA,NA,NA,NA,NA,NA,NA,NA,NA,NA,NA,NA,NA,NA,NA,NA,NA,NA,NA,NA,NA,NA,NA,NA,NA,NA,NA,NA,NA,NA,NA,NA,NA,NA,NA,NA,NA,NA,NA,NA,NA,NA,NA
"131","MauuriHernandez","De jong https://t.co/rUfTPYIVcW","no","Mauri","La Paz ","Persevera y triunfaras âš½","es",NA,NA,NA,NA,NA,NA,NA,NA,NA,NA,NA,NA,NA,NA,NA,NA,NA,NA,NA,NA,NA,NA,NA,NA,NA,NA,NA,NA,NA,NA,NA,NA,NA,NA,NA,NA,NA,NA,NA,NA,NA,NA,NA,NA,NA,NA,NA,NA,NA,NA,NA,NA,NA,NA,NA,NA,NA,NA,NA,NA,NA,NA,NA,NA
"132","CWennerholm","Tarwi Ã¤r en lupin/baljvÃ¤xt m mkt hÃ¶gt proteinvÃ¤rde och goda miljÃ¶effekter om vÃ¤xer i Bolivia. @Sida s KÃ¥re Johard o Erik Pettersson besÃ¶kte @swedeninlapaz program m @Swisscontact. #klimatanpassning #bredarerelationer #potentialfÃ¶rhandel #innovationofÃ¶rbÃ¤ttring https://t.co/jtcK94f2mU","sv","Carolina Wennerholm","La Paz, Bolivia","Head of Cooperation, Swedish Embassy in Bolivia @sida","sv",NA,NA,NA,NA,NA,NA,NA,NA,NA,NA,NA,NA,NA,NA,NA,NA,NA,NA,NA,NA,NA,NA,NA,NA,NA,NA,NA,NA,NA,NA,NA,NA,NA,NA,NA,NA,NA,NA,NA,NA,NA,NA,NA,NA,NA,NA,NA,NA,NA,NA,NA,NA,NA,NA,NA,NA,NA,NA,NA,NA,NA,NA,NA,NA
"133","YoOnMiN_9395SS","#BBMAsTopSocial 
@BTS_twt 
Rosa","fi","â™¡â™¡â™¡YOONMIN IS PERFECTâ™¡â™¡â™¡ğŸŒ¸","Bolivia-la paz","Love SakurağŸŒ¸ğŸŒ¸ğŸŒ¸... Love BlackğŸ–¤ğŸ–¤ğŸ–¤... Love BqngtanğŸŒŸğŸŒŸğŸŒŸ...","es",NA,NA,NA,NA,NA,NA,NA,NA,NA,NA,NA,NA,NA,NA,NA,NA,NA,NA,NA,NA,NA,NA,NA,NA,NA,NA,NA,NA,NA,NA,NA,NA,NA,NA,NA,NA,NA,NA,NA,NA,NA,NA,NA,NA,NA,NA,NA,NA,NA,NA,NA,NA,NA,NA,NA,NA,NA,NA,NA,NA,NA,NA,NA,NA
"134","JAVERNES","1 de mayo, Plaza Humboldt 10:30 am https://t.co/eoVXBdsgP9","da","Javo Ferreira","La Paz Bolivia","","es",NA,NA,NA,NA,NA,NA,NA,NA,NA,NA,NA,NA,NA,NA,NA,NA,NA,NA,NA,NA,NA,NA,NA,NA,NA,NA,NA,NA,NA,NA,NA,NA,NA,NA,NA,NA,NA,NA,NA,NA,NA,NA,NA,NA,NA,NA,NA,NA,NA,NA,NA,NA,NA,NA,NA,NA,NA,NA,NA,NA,NA,NA,NA,NA
"135","_colla9e","Perspetkywa: Summit â€“ IBM/Oak Ridge National Laboratory-&gt; ~143.5 petaflops (flops -&gt; jednostka mocy obliczeniowej komputerÃ³w) 1 PFLOPS-&gt; okoÅ‚o one milion bilion kalkulacji na sekundÄ™, gdyby wykonaÄ‡ 1 kalkulacjÄ™ na sekundÄ™ to czÅ‚owiekowi zajÄ™Å‚o by to okoÅ‚o 32,000,000 lat","pl","colla9e","La Paz, Bolivia","sometimes thinking, sometimes watching, sometimes reading, sometimes...    disturb or be disturbed either way be on the edgeâ€¦ otherwise you just dying","en",NA,NA,NA,NA,NA,NA,NA,NA,NA,NA,NA,NA,NA,NA,NA,NA,NA,NA,NA,NA,NA,NA,NA,NA,NA,NA,NA,NA,NA,NA,NA,NA,NA,NA,NA,NA,NA,NA,NA,NA,NA,NA,NA,NA,NA,NA,NA,NA,NA,NA,NA,NA,NA,NA,NA,NA,NA,NA,NA,NA,NA,NA,NA,NA
"136","WAYNUCHO","GÃ¡rgolas ... https://t.co/2CctP7SViP","hu","WAYNUCHO ATIGRADO","La Paz - BOLIVIA ","Naci Aurinegro, Morire Aurinegro ... No existe otra opcion!! ...","es",NA,NA,NA,NA,NA,NA,NA,NA,NA,NA,NA,NA,NA,NA,NA,NA,NA,NA,NA,NA,NA,NA,NA,NA,NA,NA,NA,NA,NA,NA,NA,NA,NA,NA,NA,NA,NA,NA,NA,NA,NA,NA,NA,NA,NA,NA,NA,NA,NA,NA,NA,NA,NA,NA,NA,NA,NA,NA,NA,NA,NA,NA,NA,NA
"137","kathyastulla","@SUPRA15323535 Boki, Cacho, DagoğŸ’šğŸ•ğŸ•ğŸ•
MishiğŸ’šğŸˆ","eu","Kathy Astulla","La Paz, Bolivia","Sin prisas, con ilusiÃ³n como todo lo bonitoğŸ•¶ğŸ‘ğŸ»ğŸ’•","es",NA,NA,NA,NA,NA,NA,NA,NA,NA,NA,NA,NA,NA,NA,NA,NA,NA,NA,NA,NA,NA,NA,NA,NA,NA,NA,NA,NA,NA,NA,NA,NA,NA,NA,NA,NA,NA,NA,NA,NA,NA,NA,NA,NA,NA,NA,NA,NA,NA,NA,NA,NA,NA,NA,NA,NA,NA,NA,NA,NA,NA,NA,NA,NA
"138","MarcosValdez123","@AndreaFranco_na Jalouuu","cs","MVV","La Paz","Cagandola desde 1996","en",NA,NA,NA,NA,NA,NA,NA,NA,NA,NA,NA,NA,NA,NA,NA,NA,NA,NA,NA,NA,NA,NA,NA,NA,NA,NA,NA,NA,NA,NA,NA,NA,NA,NA,NA,NA,NA,NA,NA,NA,NA,NA,NA,NA,NA,NA,NA,NA,NA,NA,NA,NA,NA,NA,NA,NA,NA,NA,NA,NA,NA,NA,NA,NA
"139","EstadisticoBo","#CopaLibertadores
FINAL
Wilstermann 3-2 AthÃ©tico Paranaense","ro","VÃ­ctor Quispe Perca","La Paz- El Alto","Jefe de Deportes de La Prensa. La Paz Bolivia, estadÃ­stico, fotÃ³grafo, dibujante, viajero, amante de la mÃºsica y los deportes","es",NA,NA,NA,NA,NA,NA,NA,NA,NA,NA,NA,NA,NA,NA,NA,NA,NA,NA,NA,NA,NA,NA,NA,NA,NA,NA,NA,NA,NA,NA,NA,NA,NA,NA,NA,NA,NA,NA,NA,NA,NA,NA,NA,NA,NA,NA,NA,NA,NA,NA,NA,NA,NA,NA,NA,NA,NA,NA,NA,NA,NA,NA,NA,NA
"140","emiliowilde","My Tweeted Times https://t.co/WN28nBSyRI - top stories by @CNNSitRoom","en","Emilio IbaÃ±ez Wilde","La Paz, BOLIVIA","I'm Mechanical Engineer but actually work as IT Engineer at my own Company.","en",NA,NA,NA,NA,NA,NA,NA,NA,NA,NA,NA,NA,NA,NA,NA,NA,NA,NA,NA,NA,NA,NA,NA,NA,NA,NA,NA,NA,NA,NA,NA,NA,NA,NA,NA,NA,NA,NA,NA,NA,NA,NA,NA,NA,NA,NA,NA,NA,NA,NA,NA,NA,NA,NA,NA,NA,NA,NA,NA,NA,NA,NA,NA,NA
"141","AndresMallo11","1, 2, chÃ¡ chÃ¡ chÃ¡ https://t.co/rfVNtDjG6i","vi","Andres Mallo","La Paz","Activista, gestor cultural y periodista boliviano","es",NA,NA,NA,NA,NA,NA,NA,NA,NA,NA,NA,NA,NA,NA,NA,NA,NA,NA,NA,NA,NA,NA,NA,NA,NA,NA,NA,NA,NA,NA,NA,NA,NA,NA,NA,NA,NA,NA,NA,NA,NA,NA,NA,NA,NA,NA,NA,NA,NA,NA,NA,NA,NA,NA,NA,NA,NA,NA,NA,NA,NA,NA,NA,NA
"142","jensondesign","Getting Started with Handlebars.js https://t.co/lV8VJX0q6x vÃ­a @sabe_io","is","Jenson Design","La Paz","DiseÃ±o y desarrollo Web Front-End - UI/UX Design","es",NA,NA,NA,NA,NA,NA,NA,NA,NA,NA,NA,NA,NA,NA,NA,NA,NA,NA,NA,NA,NA,NA,NA,NA,NA,NA,NA,NA,NA,NA,NA,NA,NA,NA,NA,NA,NA,NA,NA,NA,NA,NA,NA,NA,NA,NA,NA,NA,NA,NA,NA,NA,NA,NA,NA,NA,NA,NA,NA,NA,NA,NA,NA,NA
"143","Yoriana73671972","Tan bello .....

#BBMAsTopSocial 
BTS
@BTS_twt https://t.co/pz4pNH5JPc","in","Yoriana","La paz bolivia ","Conocer y experimentar ... Son las Ãºnicas formas de hacernos disfrutar la vida ... Tropezar caer y lograr levantarse son parte de vivir","es",NA,NA,NA,NA,NA,NA,NA,NA,NA,NA,NA,NA,NA,NA,NA,NA,NA,NA,NA,NA,NA,NA,NA,NA,NA,NA,NA,NA,NA,NA,NA,NA,NA,NA,NA,NA,NA,NA,NA,NA,NA,NA,NA,NA,NA,NA,NA,NA,NA,NA,NA,NA,NA,NA,NA,NA,NA,NA,NA,NA,NA,NA,NA,NA
"144","ceciliasaachz","I love traditional mandarin and I'm very happy to keep learning more every day ğŸ¤“

æˆ‘å–œæ­¡å‚³çµ±çš„æ™®é€šè©±ï¼Œæˆ‘å¾ˆæ¨‚æ„æ¯å¤©ç¹¼çºŒå­¸ç¿’ https://t.co/XFXMJNxZZk","zh","Cecilia Saavedra","La Paz - Bolivia","Comunicadora y periodista de profesiÃ³n,  AMO a los animales, busco rumbos nuevos y un trabajo que me guste hacer, adicta a Bon Jovi, al cafÃ© y a los policiales.","es",NA,NA,NA,NA,NA,NA,NA,NA,NA,NA,NA,NA,NA,NA,NA,NA,NA,NA,NA,NA,NA,NA,NA,NA,NA,NA,NA,NA,NA,NA,NA,NA,NA,NA,NA,NA,NA,NA,NA,NA,NA,NA,NA,NA,NA,NA,NA,NA,NA,NA,NA,NA,NA,NA,NA,NA,NA,NA,NA,NA,NA,NA,NA,NA
"145","AlfredoManzanoZ","#GOT #Spoiler Episode 2 ğŸ˜‚ https://t.co/DTJ9NjdJqi","sl","A Manzz","La Paz, Bolivia","","es",NA,NA,NA,NA,NA,NA,NA,NA,NA,NA,NA,NA,NA,NA,NA,NA,NA,NA,NA,NA,NA,NA,NA,NA,NA,NA,NA,NA,NA,NA,NA,NA,NA,NA,NA,NA,NA,NA,NA,NA,NA,NA,NA,NA,NA,NA,NA,NA,NA,NA,NA,NA,NA,NA,NA,NA,NA,NA,NA,NA,NA,NA,NA,NA
"146","SoleAlex25","@snow_eriL @weareoneEXO Diecisiete
#BBMAsTopSocial EXO @weareoneEXO","lv","Soledad Hilario ğŸ‡§ğŸ‡´","La Paz, Bolivia","No permitas que los pÃ¡jaros de la tristeza hagan un nido en tu cabeza ğŸ˜„ğŸ’•

EXO-L y Boice ğŸ’™
Firelight ğŸ•ğŸ’•ğŸ•","es",NA,NA,NA,NA,NA,NA,NA,NA,NA,NA,NA,NA,NA,NA,NA,NA,NA,NA,NA,NA,NA,NA,NA,NA,NA,NA,NA,NA,NA,NA,NA,NA,NA,NA,NA,NA,NA,NA,NA,NA,NA,NA,NA,NA,NA,NA,NA,NA,NA,NA,NA,NA,NA,NA,NA,NA,NA,NA,NA,NA,NA,NA,NA,NA
"147","F8rzuna","@AHNamja @GOT7Official I'm Out jajaja #BBMAsTopSocial Got7  @GOT7Official","et","GOT7ğŸ’šFirst LoveğŸ’š","La Paz-Bolivia","Got7ğŸ’š AhgaseğŸ£ğŸ’š  IGOT7ğŸ’šğŸ¥


Instagram: ferzuna","es",NA,NA,NA,NA,NA,NA,NA,NA,NA,NA,NA,NA,NA,NA,NA,NA,NA,NA,NA,NA,NA,NA,NA,NA,NA,NA,NA,NA,NA,NA,NA,NA,NA,NA,NA,NA,NA,NA,NA,NA,NA,NA,NA,NA,NA,NA,NA,NA,NA,NA,NA,NA,NA,NA,NA,NA,NA,NA,NA,NA,NA,NA,NA,NA
"148","Maungot_ordonio","Bukas na pala yun yes","tl","Russâ™¡","PangoğŸ·","Philippians 1:29","en",NA,NA,NA,NA,NA,NA,NA,NA,NA,NA,NA,NA,NA,NA,NA,NA,NA,NA,NA,NA,NA,NA,NA,NA,NA,NA,NA,NA,NA,NA,NA,NA,NA,NA,NA,NA,NA,NA,NA,NA,NA,NA,NA,NA,NA,NA,NA,NA,NA,NA,NA,NA,NA,NA,NA,NA,NA,NA,NA,NA,NA,NA,NA,NA
"149","Gatanis","Tan yo... ğŸ˜ğŸ˜ğŸ˜ https://t.co/kdxhgl5DfI","ht","Ana Celina Ortega","La Paz - Bolivia","Tigre, catÃ³lica y de derecha (liberal)... Pero ante todo madre, esposa y amiga.","es",NA,NA,NA,NA,NA,NA,NA,NA,NA,NA,NA,NA,NA,NA,NA,NA,NA,NA,NA,NA,NA,NA,NA,NA,NA,NA,NA,NA,NA,NA,NA,NA,NA,NA,NA,NA,NA,NA,NA,NA,NA,NA,NA,NA,NA,NA,NA,NA,NA,NA,NA,NA,NA,NA,NA,NA,NA,NA,NA,NA,NA,NA,NA,NA
"150","ramiromora","Â¿Digimon o PokÃ©mon? https://t.co/unahiS4LLF","cy","Ramiro Mora","La Paz - Bolivia","Ingeniero en electrÃ³nica, docente universitario y consultor.","es",NA,NA,NA,NA,NA,NA,NA,NA,NA,NA,NA,NA,NA,NA,NA,NA,NA,NA,NA,NA,NA,NA,NA,NA,NA,NA,NA,NA,NA,NA,NA,NA,NA,NA,NA,NA,NA,NA,NA,NA,NA,NA,NA,NA,NA,NA,NA,NA,NA,NA,NA,NA,NA,NA,NA,NA,NA,NA,NA,NA,NA,NA,NA,NA
"151","OlgaOa24","@eric__mine @KeBinSoreasmey @ThierryMARIANI Cette Loiseau imbÃ©cile devrait Ãªtre fiÃ¨re dâ€™avoir militÃ© avec le GUD. Le vrai problÃ¨me câ€™est son reniement.","fr","Olga Alexandrovna","Ğ”ÑƒÑˆĞ°Ğ½Ğ±Ğµ","Lundi, c'est jour de marchÃ©â€¦","fr",NA,NA,NA,NA,NA,NA,NA,NA,NA,NA,NA,NA,NA,NA,NA,NA,NA,NA,NA,NA,NA,NA,NA,NA,NA,NA,NA,NA,NA,NA,NA,NA,NA,NA,NA,NA,NA,NA,NA,NA,NA,NA,NA,NA,NA,NA,NA,NA,NA,NA,NA,NA,NA,NA,NA,NA,NA,NA,NA,NA,NA,NA,NA,NA
"152","abdullaev","Kids? In #Tajikistan we only like to make them :(. #parking https://t.co/iKc7bUGanK","en","Ravshan","Dushanbe, Tajikistan","ğŸ™ƒ","en",NA,NA,NA,NA,NA,NA,NA,NA,NA,NA,NA,NA,NA,NA,NA,NA,NA,NA,NA,NA,NA,NA,NA,NA,NA,NA,NA,NA,NA,NA,NA,NA,NA,NA,NA,NA,NA,NA,NA,NA,NA,NA,NA,NA,NA,NA,NA,NA,NA,NA,NA,NA,NA,NA,NA,NA,NA,NA,NA,NA,NA,NA,NA,NA
"153","Jamolid03840232","Ø­Ø¯ÙŠÙ‚Ø© Ø§Ù„Ø§Ù†ØªØµØ§Ø± ÙÙŠ Ø§Ù„Ø¹Ø§ØµÙ…Ø© Ø¯ÙˆØ´Ù†Ø¨Ù‡ https://t.co/fuflDUmMjL","ar","Jamoliddin","Dushanbe","â€Ø§Ù„Ø³ÙŠØ§Ø­Ø© ÙˆØ§Ù„Ø³ÙØ± ÙÙŠ Ø·Ø§Ø¬ÙƒØ³ØªØ§Ù†
Ù…Ø±Ø´Ø¯ Ø³ÙŠØ§Ø­ÙŠ Ùˆ Ø³Ø§Ø¦Ù‚ ÙÙŠ Ø¬Ù…Ù‡ÙˆØ±ÙŠØ© Ø·Ø§Ø¬ÙƒØ³ØªØ§Ù† 
+992909773360","en",NA,NA,NA,NA,NA,NA,NA,NA,NA,NA,NA,NA,NA,NA,NA,NA,NA,NA,NA,NA,NA,NA,NA,NA,NA,NA,NA,NA,NA,NA,NA,NA,NA,NA,NA,NA,NA,NA,NA,NA,NA,NA,NA,NA,NA,NA,NA,NA,NA,NA,NA,NA,NA,NA,NA,NA,NA,NA,NA,NA,NA,NA,NA,NA
"154","tanabe_hideki","ã“ã‚Œã€æ—¥æœ¬ã‹ã‚‰è²·ã£ã¦ãã¦ã€ã£ã¦é ¼ã¾ã‚ŒãŸã‚“ã ã‘ã©ã€ã©ã“ã«å£²ã£ã¦ã¾ã™ï¼Ÿ https://t.co/Nt3i7qpOFg","ja","Hideki TANABE","Dushanbe","Pi-chiku Pa-chiku from Tajikistan","en",NA,NA,NA,NA,NA,NA,NA,NA,NA,NA,NA,NA,NA,NA,NA,NA,NA,NA,NA,NA,NA,NA,NA,NA,NA,NA,NA,NA,NA,NA,NA,NA,NA,NA,NA,NA,NA,NA,NA,NA,NA,NA,NA,NA,NA,NA,NA,NA,NA,NA,NA,NA,NA,NA,NA,NA,NA,NA,NA,NA,NA,NA,NA,NA
"155","APML_Pakistan","Justice Nisar
Salute.
Khosa a shame.
Dalla at Lohar HC.","es","Haroon Ch.Tajikistan","Dushanbe Tajikistan","Key to political Independence lies in Economic Independence. Striving to contribute in economic Prosperity of Pakistan. Views expressed do not represent APML","en",NA,NA,NA,NA,NA,NA,NA,NA,NA,NA,NA,NA,NA,NA,NA,NA,NA,NA,NA,NA,NA,NA,NA,NA,NA,NA,NA,NA,NA,NA,NA,NA,NA,NA,NA,NA,NA,NA,NA,NA,NA,NA,NA,NA,NA,NA,NA,NA,NA,NA,NA,NA,NA,NA,NA,NA,NA,NA,NA,NA,NA,NA,NA,NA
"156","OlgaOa24","Bravo Borna ! https://t.co/5fS1EnMEeT","it","Olga Alexandrovna","Ğ”ÑƒÑˆĞ°Ğ½Ğ±Ğµ","Lundi, c'est jour de marchÃ©â€¦","fr",NA,NA,NA,NA,NA,NA,NA,NA,NA,NA,NA,NA,NA,NA,NA,NA,NA,NA,NA,NA,NA,NA,NA,NA,NA,NA,NA,NA,NA,NA,NA,NA,NA,NA,NA,NA,NA,NA,NA,NA,NA,NA,NA,NA,NA,NA,NA,NA,NA,NA,NA,NA,NA,NA,NA,NA,NA,NA,NA,NA,NA,NA,NA,NA
"157","Chef212Moeslim","@mohmahfudmd Lagian apa urusan and aprof?
Nyambangi KPU. 
Ada tugas dari Negara atau dari sekelompok orang?
Biarkan Proses berlangsung.. 
Masing2 menyiapkan data2.
Masing2 menampilkan Bukti2 kecurangan.  Sampai nanti Di MK","in","Sony Dushanbe Svasiba","Dushanbe","I am a Chef, but awarnes with environment around me. Specialy for  Islam...","id",NA,NA,NA,NA,NA,NA,NA,NA,NA,NA,NA,NA,NA,NA,NA,NA,NA,NA,NA,NA,NA,NA,NA,NA,NA,NA,NA,NA,NA,NA,NA,NA,NA,NA,NA,NA,NA,NA,NA,NA,NA,NA,NA,NA,NA,NA,NA,NA,NA,NA,NA,NA,NA,NA,NA,NA,NA,NA,NA,NA,NA,NA,NA,NA
"158","rsolehov","Ikinci paragraf savasin gercekleri.. https://t.co/Doyd1XK196","tr","Rahmatullo","Dushanbe","Ğ’ Ğ¶Ğ¸Ğ·Ğ½Ğ¸ ĞºĞ°Ğº Ğ² Ğ»Ğ¸Ñ„Ñ‚Ğµ: Ñ‚Ğ¾ Ğ²Ğ²ĞµÑ€Ñ…, Ñ‚Ğ¾ Ğ²Ğ½Ğ¸Ğ·, Ñ‚Ğ¾ Ğ½Ğ° Ñ€ĞµĞ¼Ğ¾Ğ½Ñ‚Ğµ","ru",NA,NA,NA,NA,NA,NA,NA,NA,NA,NA,NA,NA,NA,NA,NA,NA,NA,NA,NA,NA,NA,NA,NA,NA,NA,NA,NA,NA,NA,NA,NA,NA,NA,NA,NA,NA,NA,NA,NA,NA,NA,NA,NA,NA,NA,NA,NA,NA,NA,NA,NA,NA,NA,NA,NA,NA,NA,NA,NA,NA,NA,NA,NA,NA
"159","KayumarsA","""ĞœÑƒÑĞ¾Ñ„Ğ¸Ñ€Ğ¾Ğ½ Ñ…ÑƒĞ½ÑƒĞº Ñ…Ó¯Ñ€Ğ´Ğ°Ğ°Ğ½Ğ´, Ğ³ÑƒÑ€ÑƒÑĞ½Ğ° Ğ¼Ğ¾Ğ½Ğ´Ğ°Ğ°Ğ½Ğ´. ĞœĞ¾ Ò³Ğ°Ğ¹Ñ€Ğ¾Ğ½ĞµĞ¼, ĞºĞ¸ Ğ±Ğ° Ğ°Ò›Ğ¸Ğ± Ğ±Ğ°Ñ€Ğ³Ğ°Ñ€Ğ´ĞµĞ¼, Ñ‘ Ğ¼ÑƒĞ½Ñ‚Ğ°Ğ·Ğ¸Ñ€ Ğ¼Ğ¾Ğ½ĞµĞ¼. Ğ‘Ğ°ÑŠĞ·Ğµ Ğ°Ğ· Ğ¼ÑƒÑĞ¾Ñ„Ğ¸Ñ€Ğ¾Ğ½ Ğ±Ğ¸Ğ»ĞµÑ‚Ğ¸ Ò³Ğ°Ğ²Ğ¾Ğ¿Ğ°Ğ¹Ğ¼Ğ¾ Ğ´Ğ¾Ñ€Ğ°Ğ½Ğ´ Ğ²Ğ° Ğ±Ğ¾ÑĞ´ Ğ°Ğ· Ğ¥ÑƒÒ·Ğ°Ğ½Ğ´ Ğ±Ğ° Ğ ÑƒÑĞ¸Ñ Ğ¿Ğ°Ñ€Ğ²Ğ¾Ğ· ĞºÑƒĞ½Ğ°Ğ½Ğ´. Ğ‘Ğ°ÑŠĞ·ĞµĞ¸ Ğ´Ğ¸Ğ³Ğ°Ñ€... https://t.co/HHuXGE9TpC","ru","Kayumars Ato","Ğ”ÑƒÑˆĞ°Ğ½Ğ±Ğµ, Ğ¢Ğ°Ğ´Ğ¶Ğ¸ĞºĞ¸ÑÑ‚Ğ°Ğ½","ĞšĞ¾Ñ€Ğ¼Ğ°Ğ½Ğ´Ğ¸ Ñ‚Ğ¾Ñ€Ğ½Ğ°Ğ¼Ğ¾ (ÑĞ°Ğ¹Ñ‚)-Ğ¸ Ğ±Ğ°Ñ…ÑˆĞ¸ Ñ‚Ğ¾Ñ‡Ğ¸ĞºĞ¸Ğ¸ @RadioiOzodi Ğ´Ğ°Ñ€ Ğ”ÑƒÑˆĞ°Ğ½Ğ±Ğµ.
mob: (+992) 981032953","ru",NA,NA,NA,NA,NA,NA,NA,NA,NA,NA,NA,NA,NA,NA,NA,NA,NA,NA,NA,NA,NA,NA,NA,NA,NA,NA,NA,NA,NA,NA,NA,NA,NA,NA,NA,NA,NA,NA,NA,NA,NA,NA,NA,NA,NA,NA,NA,NA,NA,NA,NA,NA,NA,NA,NA,NA,NA,NA,NA,NA,NA,NA,NA,NA
"160","main_tanzeem","@yasmeen_9 Faisalabad","tl","Tanzeem","Dushanbe","","en",NA,NA,NA,NA,NA,NA,NA,NA,NA,NA,NA,NA,NA,NA,NA,NA,NA,NA,NA,NA,NA,NA,NA,NA,NA,NA,NA,NA,NA,NA,NA,NA,NA,NA,NA,NA,NA,NA,NA,NA,NA,NA,NA,NA,NA,NA,NA,NA,NA,NA,NA,NA,NA,NA,NA,NA,NA,NA,NA,NA,NA,NA,NA,NA
"161","NitishK30960918","@news24upuk @news24tvchannel @yadavakhilesh @samajwadiparty @ghanshyamtiwari @Mayawati à¤¤à¤¬ à¤¤à¥‹ à¤¸à¤ªà¤¾ à¤•à¤¾ à¤¨à¤¯à¤¾ à¤¨à¤¾à¤® à¤¸à¤°à¥à¤®à¤•à¤°à¥‹ à¤ªà¤¾à¤°à¥à¤Ÿà¥€ à¤¹à¥‹à¤¨à¤¾ à¤šà¤¾à¤¹à¤¿à¤","hi","Chawkidar Nitish kumar singh lucky","Kasimabad","à¤œà¤¯ à¤¹à¤¿à¤¨à¥à¤¦à¥‚ à¤œà¤¯ à¤¹à¤¿à¤‚à¤¦à¥à¤¤à¥à¤µ à¤œà¤¯ à¤¹à¤¿à¤‚à¤¦","en",NA,NA,NA,NA,NA,NA,NA,NA,NA,NA,NA,NA,NA,NA,NA,NA,NA,NA,NA,NA,NA,NA,NA,NA,NA,NA,NA,NA,NA,NA,NA,NA,NA,NA,NA,NA,NA,NA,NA,NA,NA,NA,NA,NA,NA,NA,NA,NA,NA,NA,NA,NA,NA,NA,NA,NA,NA,NA,NA,NA,NA,NA,NA,NA
"162","MMalikzad","Ù…Ø­ÙÙ„ Ø±ÙˆÙ†Ù…Ø§ÙŠÙŠ Ø§Ø² ÙƒØªØ§Ø¨ Ø´Ø¹Ø± Ø®Ø§Ù†Ù… Ù†Ø§Ø¬ÙŠÙ‡ ÙƒØ±ÙŠÙ… Ø¨Ù‡ Ø®Ø· ØªØ§Ø¬ÙŠÙƒÙŠ Ø¯Ø± ØªØ§Ø¬ÙŠÙƒØ³ØªØ§Ù† Ø§Ø²Ø·Ø±Ù ÙƒØ§Ù†ÙˆÙ† ÙØ±Ù‡Ù†Ú¯ÙŠ Ø¢ØºØ§Ø®Ø§Ù† Ø¯Ø± Ø´Ù‡Ø± Ø¯ÙˆØ´Ù†Ø¨Ù‡ Ø¨Ø±Ú¯Ø²Ø§Ø± Ø´Ø¯. https://t.co/S82bG0vo3j","fa","Mojeebullah Malikzad","Tajikistan dushanbe ","","en",NA,NA,NA,NA,NA,NA,NA,NA,NA,NA,NA,NA,NA,NA,NA,NA,NA,NA,NA,NA,NA,NA,NA,NA,NA,NA,NA,NA,NA,NA,NA,NA,NA,NA,NA,NA,NA,NA,NA,NA,NA,NA,NA,NA,NA,NA,NA,NA,NA,NA,NA,NA,NA,NA,NA,NA,NA,NA,NA,NA,NA,NA,NA,NA
"163","APML_Pakistan","Ø¬Ø§Ø¦Ø² Ø§ÙˆÙ„Ø§Ø¯ Ù„Ù†Ø¯Ù† Ù…ÛŒÚº Ù…Ø²Û’ Ù„Û’ Ø±ÛÛ’ ÛÛŒÚºØŒØ§ÙˆØ± Ù†Ø§ Ø¬Ø§Ø¦Ø² Ø§ÙˆÙ„Ø§Ø¯ Ø³ÙˆØ´Ù„ Ù…ÛŒÚˆÛŒØ§ Ù¾Ø± Ø¹Ù…Ø±Ø§Ù† Ø®Ø§Ù† Ù¾Ø± Ø¨Ú¾ÙˆÙ†Ú© Ø±ÛÛ’","ur","Haroon Ch.Tajikistan","Dushanbe Tajikistan","Key to political Independence lies in Economic Independence. Striving to contribute in economic Prosperity of Pakistan. Views expressed do not represent APML","en",NA,NA,NA,NA,NA,NA,NA,NA,NA,NA,NA,NA,NA,NA,NA,NA,NA,NA,NA,NA,NA,NA,NA,NA,NA,NA,NA,NA,NA,NA,NA,NA,NA,NA,NA,NA,NA,NA,NA,NA,NA,NA,NA,NA,NA,NA,NA,NA,NA,NA,NA,NA,NA,NA,NA,NA,NA,NA,NA,NA,NA,NA,NA,NA
"164","RadioiOzodi","ĞŸÑ€ĞµĞ·Ğ¸Ğ´ĞµĞ½Ñ‚Ğ¸ Ğ¢Ğ¾Ò·Ğ¸ĞºĞ¸ÑÑ‚Ğ¾Ğ½ Ğ¾Ğ·Ğ¸Ğ¼Ğ¸ Ğ§Ğ¸Ğ½ ÑˆÑƒĞ´ https://t.co/syqs4jFayY","uk","Ğ Ğ°Ğ´Ğ¸Ğ¾Ğ¸ ĞĞ·Ğ¾Ğ´Ó£","Dushanbe","ĞÑ…Ğ±Ğ¾Ñ€Ğ¸ Ñ‚Ğ¾Ğ·Ğ°Ğ¸ Ğ¢Ğ¾Ò·Ğ¸ĞºĞ¸ÑÑ‚Ğ¾Ğ½Ñƒ Ò·Ğ°Ò³Ğ¾Ğ½, Ğ²Ğ¸Ğ´ĞµĞ¾ Ğ²Ğ° Ğ±Ğ°Ñ€Ğ½Ğ¾Ğ¼Ğ°Ò³Ğ¾Ğ¸ Ñ€Ğ°Ğ´Ğ¸Ğ¾Ó£ Ğ´Ğ°Ñ€ Ñ‚Ğ¾Ñ€Ğ½Ğ°Ğ¼Ğ¾Ğ¸ Ğ‘Ğ°Ñ…ÑˆĞ¸ Ñ‚Ğ¾Ò·Ğ¸ĞºĞ¸Ğ¸ Ğ Ğ°Ğ´Ğ¸Ğ¾Ğ¸ ĞĞ·Ğ¾Ğ´Ó£.","en",NA,NA,NA,NA,NA,NA,NA,NA,NA,NA,NA,NA,NA,NA,NA,NA,NA,NA,NA,NA,NA,NA,NA,NA,NA,NA,NA,NA,NA,NA,NA,NA,NA,NA,NA,NA,NA,NA,NA,NA,NA,NA,NA,NA,NA,NA,NA,NA,NA,NA,NA,NA,NA,NA,NA,NA,NA,NA,NA,NA,NA,NA,NA,NA
"165","WorldFlags7","ğŸ‡¹ğŸ‡¯ Tajikistan

Capital: Dushanbe

Region: Europe &amp; Central Asia

Credit:
https://t.co/1KewbvhDVX
https://t.co/yIi1VRKg1P
https://t.co/pok19lEko4 https://t.co/lHjVhpBpKn","ro","World Flags","New Zealand","Need to swot up on your World Flags? I pop one onto your feed every half hour like a twitter flashcard. Any problems? let @itamer know.","en","Tajikistan","Tajikistan","country","Tajikistan","TJ",NA,NA,NA,NA,NA,NA,NA,NA,NA,NA,NA,NA,NA,NA,NA,NA,NA,NA,NA,NA,NA,NA,NA,NA,NA,NA,NA,NA,NA,NA,NA,NA,NA,NA,NA,NA,NA,NA,NA,NA,NA,NA,NA,NA,NA,NA,NA,NA,NA,NA,NA,NA,NA,NA,NA,NA,NA,NA,NA
"166","abdullaev","Kids? In #Tajikistan we only like to make them :(. #parking https://t.co/iKc7bUGanK","en","Ravshan","Dushanbe, Tajikistan","ğŸ™ƒ","en",NA,NA,NA,NA,NA,NA,NA,NA,NA,NA,NA,NA,NA,NA,NA,NA,NA,NA,NA,NA,NA,NA,NA,NA,NA,NA,NA,NA,NA,NA,NA,NA,NA,NA,NA,NA,NA,NA,NA,NA,NA,NA,NA,NA,NA,NA,NA,NA,NA,NA,NA,NA,NA,NA,NA,NA,NA,NA,NA,NA,NA,NA,NA,NA
"167","KayumarsA","""Ğ¨Ğ¾ÑĞ´ Ğ´Ğ°Ñ€ Ğ±Ğ°ÑŠĞ·Ğµ Ğ¼Ğ°ÑÑŠĞ°Ğ»Ğ°Ò³Ğ¾Ğ¸ Ñ…ÑƒÑ€Ğ´Ñƒ Ò·ÑƒĞ·ÑŠÓ£ Ò³ÑƒĞºÑƒĞ¼Ğ°Ñ‚ Ğ±Ğ° Ñ…Ğ¾ÑÑ‚Ğ°Ğ¸ Ò·Ğ¾Ğ¼ĞµĞ° Ğ³ÑƒĞ·Ğ°ÑˆÑ‚ ĞºÑƒĞ½Ğ°Ğ´, Ğ°Ğ¼Ğ¼Ğ¾ Ğ´Ğ°Ñ€ Ğ¼Ğ°ÑÑŠĞ°Ğ»Ğ°Ò³Ğ¾Ğ¸ ĞºĞ°Ğ»Ğ¸Ğ´Ó£ - Ğ½Ğ°. Ğ’Ğ°Ğ»Ğµ Ğ´Ğ°Ñ€ Ğ¢Ğ¾Ò·Ğ¸ĞºĞ¸ÑÑ‚Ğ¾Ğ½ Ğ¿ĞµÑˆĞ±Ğ¸Ğ½Ó£ ĞºĞ°Ñ€Ğ´Ğ°Ğ½Ğ¸ Ğ°Ğ¼Ğ°Ğ»ĞºĞ°Ñ€Ğ´Ğ¸ Ò³ÑƒĞºÑƒĞ¼Ğ°Ñ‚ Ñ…ĞµĞ»Ğµ Ğ´ÑƒÑˆĞ²Ğ¾Ñ€ Ğ°ÑÑ‚.""
https://t.co/w43brIpWIV https://t.co/w43brIpWIV","bg","Kayumars Ato","Ğ”ÑƒÑˆĞ°Ğ½Ğ±Ğµ, Ğ¢Ğ°Ğ´Ğ¶Ğ¸ĞºĞ¸ÑÑ‚Ğ°Ğ½","ĞšĞ¾Ñ€Ğ¼Ğ°Ğ½Ğ´Ğ¸ Ñ‚Ğ¾Ñ€Ğ½Ğ°Ğ¼Ğ¾ (ÑĞ°Ğ¹Ñ‚)-Ğ¸ Ğ±Ğ°Ñ…ÑˆĞ¸ Ñ‚Ğ¾Ñ‡Ğ¸ĞºĞ¸Ğ¸ @RadioiOzodi Ğ´Ğ°Ñ€ Ğ”ÑƒÑˆĞ°Ğ½Ğ±Ğµ.
mob: (+992) 981032953","ru",NA,NA,NA,NA,NA,NA,NA,NA,NA,NA,NA,NA,NA,NA,NA,NA,NA,NA,NA,NA,NA,NA,NA,NA,NA,NA,NA,NA,NA,NA,NA,NA,NA,NA,NA,NA,NA,NA,NA,NA,NA,NA,NA,NA,NA,NA,NA,NA,NA,NA,NA,NA,NA,NA,NA,NA,NA,NA,NA,NA,NA,NA,NA,NA
"168","RadioiOzodi","""Ğ‘Ğ° ÑĞ°Ğ´ Ğ´Ğ°Ñ€ ÑĞ°Ñ€ Ğ·Ğ°Ğ´Ğ°Ğ¼, Ğ°Ğ¼Ğ¼Ğ¾ Ğ°ĞºÑĞ¸ ÑĞ°Ğ´Ğ¾ Ğ½Ğ°ÑˆÑƒĞ½Ğ¸Ğ´Ğ°Ğ¼"" https://t.co/PVJxTkyz76","sr","Ğ Ğ°Ğ´Ğ¸Ğ¾Ğ¸ ĞĞ·Ğ¾Ğ´Ó£","Dushanbe","ĞÑ…Ğ±Ğ¾Ñ€Ğ¸ Ñ‚Ğ¾Ğ·Ğ°Ğ¸ Ğ¢Ğ¾Ò·Ğ¸ĞºĞ¸ÑÑ‚Ğ¾Ğ½Ñƒ Ò·Ğ°Ò³Ğ¾Ğ½, Ğ²Ğ¸Ğ´ĞµĞ¾ Ğ²Ğ° Ğ±Ğ°Ñ€Ğ½Ğ¾Ğ¼Ğ°Ò³Ğ¾Ğ¸ Ñ€Ğ°Ğ´Ğ¸Ğ¾Ó£ Ğ´Ğ°Ñ€ Ñ‚Ğ¾Ñ€Ğ½Ğ°Ğ¼Ğ¾Ğ¸ Ğ‘Ğ°Ñ…ÑˆĞ¸ Ñ‚Ğ¾Ò·Ğ¸ĞºĞ¸Ğ¸ Ğ Ğ°Ğ´Ğ¸Ğ¾Ğ¸ ĞĞ·Ğ¾Ğ´Ó£.","en",NA,NA,NA,NA,NA,NA,NA,NA,NA,NA,NA,NA,NA,NA,NA,NA,NA,NA,NA,NA,NA,NA,NA,NA,NA,NA,NA,NA,NA,NA,NA,NA,NA,NA,NA,NA,NA,NA,NA,NA,NA,NA,NA,NA,NA,NA,NA,NA,NA,NA,NA,NA,NA,NA,NA,NA,NA,NA,NA,NA,NA,NA,NA,NA
"169","akgiri8","@HinduNarendraa @jayshankar639 à¤®à¤°à¤¤à¤¾ à¤•à¥à¤¯à¤¾ à¤¨à¤¾ à¤•à¤°à¤¤à¤¾","mr","ak girià¤šà¥Œà¤•à¥€à¤¦à¤¾à¤°","kasimabad ","A +","en",NA,NA,NA,NA,NA,NA,NA,NA,NA,NA,NA,NA,NA,NA,NA,NA,NA,NA,NA,NA,NA,NA,NA,NA,NA,NA,NA,NA,NA,NA,NA,NA,NA,NA,NA,NA,NA,NA,NA,NA,NA,NA,NA,NA,NA,NA,NA,NA,NA,NA,NA,NA,NA,NA,NA,NA,NA,NA,NA,NA,NA,NA,NA,NA
"170","Chef212Moeslim","@mohmahfudmd Lagian apa urusan and aprof?
Nyambangi KPU. 
Ada tugas dari Negara atau dari sekelompok orang?
Biarkan Proses berlangsung.. 
Masing2 menyiapkan data2.
Masing2 menampilkan Bukti2 kecurangan.  Sampai nanti Di MK","in","Sony Dushanbe Svasiba","Dushanbe","I am a Chef, but awarnes with environment around me. Specialy for  Islam...","id",NA,NA,NA,NA,NA,NA,NA,NA,NA,NA,NA,NA,NA,NA,NA,NA,NA,NA,NA,NA,NA,NA,NA,NA,NA,NA,NA,NA,NA,NA,NA,NA,NA,NA,NA,NA,NA,NA,NA,NA,NA,NA,NA,NA,NA,NA,NA,NA,NA,NA,NA,NA,NA,NA,NA,NA,NA,NA,NA,NA,NA,NA,NA,NA
"171","main_tanzeem","@yasmeen_9 Faisalabad","tl","Tanzeem","Dushanbe","","en",NA,NA,NA,NA,NA,NA,NA,NA,NA,NA,NA,NA,NA,NA,NA,NA,NA,NA,NA,NA,NA,NA,NA,NA,NA,NA,NA,NA,NA,NA,NA,NA,NA,NA,NA,NA,NA,NA,NA,NA,NA,NA,NA,NA,NA,NA,NA,NA,NA,NA,NA,NA,NA,NA,NA,NA,NA,NA,NA,NA,NA,NA,NA,NA
"172","akgiri8","@indravadan15 @nalni_gupta @narendramodi à¤à¤•à¥à¤•à¤¾à¤¸","ne","ak girià¤šà¥Œà¤•à¥€à¤¦à¤¾à¤°","kasimabad ","A +","en",NA,NA,NA,NA,NA,NA,NA,NA,NA,NA,NA,NA,NA,NA,NA,NA,NA,NA,NA,NA,NA,NA,NA,NA,NA,NA,NA,NA,NA,NA,NA,NA,NA,NA,NA,NA,NA,NA,NA,NA,NA,NA,NA,NA,NA,NA,NA,NA,NA,NA,NA,NA,NA,NA,NA,NA,NA,NA,NA,NA,NA,NA,NA,NA
"173","linkin_94","#ĞºÑƒÑ€ÑƒÑ‚Ğ¾Ğ±Ñ…Ğ¾Ğ½Ğ°Ğ¸Ğ½ÑƒÑ€ @ Dushanbe, Tajikistan https://t.co/aHrEPoLUli","ht","Sanya Pulatov","Moscow city, Dushanbe city","","ru","Tajikistan","Tajikistan","country","Tajikistan","TJ",NA,NA,NA,NA,NA,NA,NA,NA,NA,NA,NA,NA,NA,NA,NA,NA,NA,NA,NA,NA,NA,NA,NA,NA,NA,NA,NA,NA,NA,NA,NA,NA,NA,NA,NA,NA,NA,NA,NA,NA,NA,NA,NA,NA,NA,NA,NA,NA,NA,NA,NA,NA,NA,NA,NA,NA,NA,NA,NA
"174","APML_Pakistan","Josef Stalin, Castro, Che, Mao, Hochiman, Suikarno, Ayub, Muhatir, Musharraf, Chavez, Putin, Sanders, Corbyn.
My heros.","cy","Haroon Ch.Tajikistan","Dushanbe Tajikistan","Key to political Independence lies in Economic Independence. Striving to contribute in economic Prosperity of Pakistan. Views expressed do not represent APML","en",NA,NA,NA,NA,NA,NA,NA,NA,NA,NA,NA,NA,NA,NA,NA,NA,NA,NA,NA,NA,NA,NA,NA,NA,NA,NA,NA,NA,NA,NA,NA,NA,NA,NA,NA,NA,NA,NA,NA,NA,NA,NA,NA,NA,NA,NA,NA,NA,NA,NA,NA,NA,NA,NA,NA,NA,NA,NA,NA,NA,NA,NA,NA,NA
